corner_tag,tau_xwin,tau_s,state_discharged_start,state_charged_start,lka_min_v,lka_max_v,lka_avg_v,lkb_min_v,lkb_max_v,lkb_avg_v,vwin_a_min_v,vwin_a_max_v,vwin_a_avg_v
mos_tt_res_typ_cap_typ_-40c_3.3v_3p5MHz,0.50,2.645360e-09,IN,IN,1.042040e-06,1.202940e-06,1.097910e-06,-4.332210e-08,5.151330e-08,6.252980e-10,3.225150e+00,3.232030e+00,3.228640e+00
mos_tt_res_typ_cap_typ_-40c_3.3v_3p5MHz,1.00,5.290720e-09,IN,IN,-7.482750e-04,6.586830e-04,1.221430e-06,-7.482520e-04,6.546750e-04,1.233110e-07,3.200930e+00,3.209240e+00,3.205130e+00
mos_tt_res_typ_cap_typ_-40c_3.3v_3p5MHz,1.25,6.613400e-09,IN,IN,-1.160270e-03,5.069730e-05,1.117980e-06,-1.157620e-03,4.905270e-05,1.776140e-08,3.143100e+00,3.153720e+00,3.148490e+00
mos_tt_res_typ_cap_typ_-40c_3.3v_3p5MHz,1.50,7.936080e-09,IN,IN,-1.195410e-03,3.095640e-05,8.855780e-07,-1.191400e-03,2.941800e-05,-2.217930e-07,3.001830e+00,3.018140e+00,3.010170e+00
mos_tt_res_typ_cap_typ_-40c_3.3v_3p5MHz,1.75,9.258760e-09,IN,IN,-1.207740e-03,3.337460e-05,9.099170e-07,-1.202930e-03,3.175990e-05,-2.012400e-07,2.915310e+00,2.935540e+00,2.925660e+00
mos_tt_res_typ_cap_typ_-40c_3.3v_3p5MHz,2.00,1.058144e-08,IN,IN,-1.215220e-03,3.556140e-05,8.889850e-07,-1.209560e-03,3.387330e-05,-2.211990e-07,2.831070e+00,2.854960e+00,2.843300e+00
mos_tt_res_typ_cap_typ_-40c_3.3v_3p5MHz,2.25,1.190412e-08,IN,IN,-1.220100e-03,3.695180e-05,7.655510e-07,-1.213030e-03,3.527270e-05,-3.243460e-07,2.752840e+00,2.779790e+00,2.766660e+00
mos_tt_res_typ_cap_typ_-40c_3.3v_3p5MHz,2.50,1.322680e-08,IN,IN,-1.238900e-03,3.848680e-05,6.823770e-07,-1.222590e-03,3.715220e-05,-2.057000e-07,2.671030e+00,2.701330e+00,2.686580e+00
mos_tt_res_typ_cap_typ_-40c_3.3v_3p5MHz,3.00,1.587216e-08,IN,IN,-1.332640e-03,4.309550e-04,1.785180e-07,-1.311210e-03,2.277550e-04,-2.540690e-07,2.504000e+00,2.541120e+00,2.523070e+00
mos_tt_res_typ_cap_typ_-40c_3.3v_3p5MHz,3.50,1.851752e-08,IN,IN,-1.361650e-03,5.761250e-04,-6.585320e-08,-1.362020e-03,5.439140e-04,7.217520e-08,2.332930e+00,2.377180e+00,2.355660e+00
mos_tt_res_typ_cap_typ_-40c_3.3v_3p5MHz,4.00,2.116288e-08,IN,IN,-1.332210e-03,6.301080e-04,-1.300890e-07,-1.344790e-03,6.136060e-04,1.268760e-07,2.164380e+00,2.215530e+00,2.190670e+00
mos_tt_res_typ_cap_typ_-40c_3.3v_3p5MHz,5.00,2.645360e-08,OUT,IN,3.297080e+00,3.300190e+00,3.299980e+00,-1.292500e-03,6.931610e-04,2.069010e-07,1.859860e+00,1.922350e+00,1.891740e+00
mos_tt_res_typ_cap_typ_-40c_3.3v_3p5MHz,6.00,3.174432e-08,OUT,IN,3.297530e+00,3.300260e+00,3.300000e+00,-1.276240e-03,7.149020e-04,2.365150e-07,1.586000e+00,1.658920e+00,1.622850e+00
mos_tt_res_typ_cap_typ_-40c_3.3v_3p5MHz,7.00,3.703504e-08,OUT,IN,3.297680e+00,3.300290e+00,3.300000e+00,-1.330070e-03,6.351770e-04,3.211730e-06,1.364240e+00,1.445040e+00,1.404880e+00
mos_tt_res_typ_cap_typ_-40c_3.3v_3p5MHz,8.00,4.232576e-08,OUT,IN,3.297730e+00,3.300330e+00,3.300000e+00,3.890310e-03,4.969100e-02,2.093130e-02,1.192660e+00,1.279120e+00,1.236020e+00
mos_tt_res_typ_cap_typ_-40c_3.3v_3p5MHz,10.00,5.290720e-08,OUT,OUT,3.297720e+00,3.300430e+00,3.300000e+00,3.297720e+00,3.300430e+00,3.300000e+00,9.492870e-01,1.042110e+00,9.956810e-01
mos_tt_res_typ_cap_typ_-40c_3.3v_3p5MHz,12.00,6.348864e-08,OUT,OUT,3.297700e+00,3.300520e+00,3.300000e+00,3.297700e+00,3.300520e+00,3.300000e+00,7.865290e-01,8.817370e-01,8.340040e-01
mos_tt_res_typ_cap_typ_-40c_3.3v_3p5MHz,14.00,7.407008e-08,OUT,OUT,3.297720e+00,3.300620e+00,3.300000e+00,3.297720e+00,3.300620e+00,3.300000e+00,6.702210e-01,7.655310e-01,7.176600e-01
mos_tt_res_typ_cap_typ_-40c_3.3v_3p5MHz,16.00,8.465152e-08,OUT,OUT,3.297810e+00,3.300710e+00,3.300000e+00,3.297810e+00,3.300710e+00,3.300000e+00,5.831620e-01,6.771690e-01,6.298800e-01
mos_tt_res_typ_cap_typ_-40c_3.3v_3p5MHz,18.00,9.523296e-08,OUT,OUT,3.297850e+00,3.300780e+00,3.300000e+00,3.297850e+00,3.300780e+00,3.300000e+00,5.158210e-01,6.075770e-01,5.613430e-01
mos_tt_res_typ_cap_typ_-40c_3.3v_3p5MHz,20.00,1.058144e-07,OUT,OUT,3.297870e+00,3.300830e+00,3.300000e+00,3.297870e+00,3.300830e+00,3.300000e+00,4.623510e-01,5.511550e-01,5.063310e-01
mos_tt_res_typ_cap_typ_-40c_3.3v_3p5MHz,22.00,1.163958e-07,OUT,OUT,3.297890e+00,3.300870e+00,3.300000e+00,3.297890e+00,3.300870e+00,3.300000e+00,4.189760e-01,5.043030e-01,4.611640e-01
mos_tt_res_typ_cap_typ_-40c_3.3v_3p5MHz,24.00,1.269773e-07,OUT,OUT,3.297900e+00,3.300900e+00,3.300000e+00,3.297900e+00,3.300900e+00,3.300000e+00,3.831930e-01,4.646420e-01,4.234070e-01
mos_tt_res_typ_cap_typ_27c_3.3v_3p5MHz,0.50,3.013560e-09,IN,IN,1.627400e-06,1.876570e-06,1.725140e-06,-4.129690e-08,5.718470e-08,5.826660e-09,3.225420e+00,3.233340e+00,3.229450e+00
mos_tt_res_typ_cap_typ_27c_3.3v_3p5MHz,1.00,6.027120e-09,IN,IN,-3.455620e-05,1.282780e-04,1.803250e-06,-3.682800e-05,1.263550e-04,8.272850e-08,3.222050e+00,3.230310e+00,3.226260e+00
mos_tt_res_typ_cap_typ_27c_3.3v_3p5MHz,1.25,7.533900e-09,IN,IN,-1.300910e-03,2.034780e-04,1.723310e-06,-1.299090e-03,1.990140e-04,-2.277070e-09,3.159480e+00,3.170760e+00,3.165220e+00
mos_tt_res_typ_cap_typ_27c_3.3v_3p5MHz,1.50,9.040680e-09,IN,IN,-1.187860e-03,4.401930e-05,1.614830e-06,-1.183580e-03,4.159650e-05,-1.158020e-07,3.055520e+00,3.071970e+00,3.063920e+00
mos_tt_res_typ_cap_typ_27c_3.3v_3p5MHz,1.75,1.054746e-08,IN,IN,-1.196860e-03,4.598210e-05,1.468750e-06,-1.192090e-03,4.351260e-05,-2.586690e-07,2.995890e+00,3.015060e+00,3.005710e+00
mos_tt_res_typ_cap_typ_27c_3.3v_3p5MHz,2.00,1.205424e-08,IN,IN,-1.202960e-03,4.781290e-05,1.193560e-06,-1.197670e-03,4.531720e-05,-5.268790e-07,2.941400e+00,2.962730e+00,2.952350e+00
mos_tt_res_typ_cap_typ_27c_3.3v_3p5MHz,2.25,1.356102e-08,IN,IN,-1.204230e-03,5.038630e-05,1.416810e-06,-1.197410e-03,4.793940e-05,-2.179270e-07,2.866690e+00,2.892250e+00,2.879810e+00
mos_tt_res_typ_cap_typ_27c_3.3v_3p5MHz,2.50,1.506780e-08,IN,IN,-1.212290e-03,5.255620e-05,1.392480e-06,-1.202600e-03,5.010350e-05,-3.219420e-07,2.801670e+00,2.830420e+00,2.816440e+00
mos_tt_res_typ_cap_typ_27c_3.3v_3p5MHz,3.00,1.808136e-08,IN,IN,-1.254210e-03,1.447120e-04,9.681650e-07,-1.227900e-03,5.434280e-05,-4.890110e-07,2.677610e+00,2.711980e+00,2.695300e+00
mos_tt_res_typ_cap_typ_27c_3.3v_3p5MHz,3.50,2.109492e-08,IN,IN,-1.281460e-03,4.337240e-04,3.025640e-07,-1.254820e-03,3.168760e-04,-2.523210e-07,2.550970e+00,2.591050e+00,2.571630e+00
mos_tt_res_typ_cap_typ_27c_3.3v_3p5MHz,4.00,2.410848e-08,IN,IN,-1.303790e-03,5.374270e-04,1.282390e-08,-1.298790e-03,4.964960e-04,-3.407920e-09,2.427430e+00,2.472840e+00,2.450870e+00
mos_tt_res_typ_cap_typ_27c_3.3v_3p5MHz,5.00,3.013560e-08,IN,IN,-1.270350e-03,5.986740e-04,-1.505810e-07,-1.281980e-03,5.927320e-04,1.657970e-07,2.170950e+00,2.227810e+00,2.200310e+00
mos_tt_res_typ_cap_typ_27c_3.3v_3p5MHz,6.00,3.616272e-08,OUT,IN,3.270330e+00,3.297790e+00,3.288090e+00,-1.237820e-03,6.084800e-04,2.717740e-07,1.942820e+00,2.008430e+00,1.976330e+00
mos_tt_res_typ_cap_typ_27c_3.3v_3p5MHz,7.00,4.218984e-08,OUT,IN,3.297570e+00,3.300370e+00,3.300000e+00,-1.196010e-03,6.098770e-04,3.495360e-07,1.729390e+00,1.804220e+00,1.767140e+00
mos_tt_res_typ_cap_typ_27c_3.3v_3p5MHz,8.00,4.821696e-08,OUT,IN,3.297770e+00,3.300380e+00,3.300000e+00,-1.200560e-03,5.971130e-04,3.266540e-07,1.537680e+00,1.619730e+00,1.578980e+00
mos_tt_res_typ_cap_typ_27c_3.3v_3p5MHz,10.00,6.027120e-08,OUT,IN,3.297910e+00,3.300450e+00,3.300000e+00,8.433750e-04,2.376250e-02,9.088450e-03,1.249040e+00,1.340420e+00,1.294790e+00
mos_tt_res_typ_cap_typ_27c_3.3v_3p5MHz,12.00,7.232544e-08,OUT,OUT,3.297930e+00,3.300530e+00,3.300000e+00,3.297930e+00,3.300530e+00,3.300000e+00,1.047340e+00,1.142970e+00,1.095090e+00
mos_tt_res_typ_cap_typ_27c_3.3v_3p5MHz,14.00,8.437968e-08,OUT,OUT,3.297920e+00,3.300600e+00,3.300000e+00,3.297920e+00,3.300600e+00,3.300000e+00,9.013110e-01,9.982790e-01,9.495690e-01
mos_tt_res_typ_cap_typ_27c_3.3v_3p5MHz,16.00,9.643392e-08,OUT,OUT,3.297890e+00,3.300680e+00,3.300000e+00,3.297890e+00,3.300680e+00,3.300000e+00,7.889520e-01,8.846390e-01,8.365420e-01
mos_tt_res_typ_cap_typ_27c_3.3v_3p5MHz,18.00,1.084882e-07,OUT,OUT,3.297890e+00,3.300740e+00,3.300000e+00,3.297890e+00,3.300740e+00,3.300000e+00,7.015580e-01,7.947350e-01,7.478440e-01
mos_tt_res_typ_cap_typ_27c_3.3v_3p5MHz,20.00,1.205424e-07,OUT,OUT,3.297910e+00,3.300820e+00,3.300000e+00,3.297910e+00,3.300820e+00,3.300000e+00,6.319570e-01,7.217180e-01,6.765430e-01
mos_tt_res_typ_cap_typ_27c_3.3v_3p5MHz,22.00,1.325966e-07,OUT,OUT,3.297950e+00,3.300880e+00,3.300000e+00,3.297950e+00,3.300880e+00,3.300000e+00,5.748810e-01,6.604000e-01,6.173420e-01
mos_tt_res_typ_cap_typ_27c_3.3v_3p5MHz,24.00,1.446509e-07,OUT,OUT,3.298000e+00,3.300940e+00,3.300000e+00,3.298000e+00,3.300940e+00,3.300000e+00,5.276220e-01,6.083810e-01,5.677090e-01
mos_tt_res_typ_cap_typ_125c_3.3v_3p5MHz,0.50,3.598650e-09,IN,IN,3.633760e-06,4.170460e-06,3.869710e-06,4.615140e-07,5.768380e-07,5.175620e-07,3.219410e+00,3.230010e+00,3.224840e+00
mos_tt_res_typ_cap_typ_125c_3.3v_3p5MHz,1.00,7.197300e-09,IN,IN,3.331350e-06,4.636970e-06,3.869710e-06,-1.316230e-08,1.042740e-06,5.175610e-07,3.219410e+00,3.230010e+00,3.224840e+00
mos_tt_res_typ_cap_typ_125c_3.3v_3p5MHz,1.25,8.996625e-09,IN,IN,-1.013050e-03,8.867590e-06,3.764440e-06,-1.008170e-03,5.093670e-06,4.136840e-07,3.163460e+00,3.177410e+00,3.170560e+00
mos_tt_res_typ_cap_typ_125c_3.3v_3p5MHz,1.50,1.079595e-08,IN,IN,-1.134270e-03,6.956230e-05,3.687120e-06,-1.127940e-03,6.499050e-05,3.387020e-07,3.110070e+00,3.127320e+00,3.118890e+00
mos_tt_res_typ_cap_typ_125c_3.3v_3p5MHz,1.75,1.259528e-08,IN,IN,-1.161620e-03,1.434050e-05,3.857050e-06,-1.155520e-03,1.022140e-05,5.134690e-07,3.069270e+00,3.089340e+00,3.079540e+00
mos_tt_res_typ_cap_typ_125c_3.3v_3p5MHz,2.00,1.439460e-08,IN,IN,-1.168170e-03,1.737390e-05,3.629060e-06,-1.161370e-03,1.260880e-05,2.939940e-07,3.025720e+00,3.048170e+00,3.037240e+00
mos_tt_res_typ_cap_typ_125c_3.3v_3p5MHz,2.25,1.619393e-08,IN,IN,-1.185360e-03,2.233790e-05,3.521660e-06,-1.176430e-03,1.535540e-05,2.124590e-07,2.981080e+00,3.006130e+00,2.993960e+00
mos_tt_res_typ_cap_typ_125c_3.3v_3p5MHz,2.50,1.799325e-08,IN,IN,-1.193800e-03,3.406400e-05,3.497920e-06,-1.182930e-03,1.928980e-05,2.647200e-07,2.933360e+00,2.961380e+00,2.947780e+00
mos_tt_res_typ_cap_typ_125c_3.3v_3p5MHz,3.00,2.159190e-08,IN,IN,-1.187890e-03,1.080720e-04,2.815240e-06,-1.182720e-03,4.003140e-05,-8.825660e-08,2.849170e+00,2.881570e+00,2.865900e+00
mos_tt_res_typ_cap_typ_125c_3.3v_3p5MHz,3.50,2.519055e-08,IN,IN,-1.179000e-03,2.793260e-04,2.125010e-06,-1.181850e-03,1.463920e-04,1.160470e-07,2.754150e+00,2.792140e+00,2.773780e+00
mos_tt_res_typ_cap_typ_125c_3.3v_3p5MHz,4.00,2.878920e-08,IN,IN,-1.189770e-03,4.127800e-04,1.307700e-06,-1.175580e-03,3.074070e-04,1.124580e-07,2.668950e+00,2.711150e+00,2.690810e+00
mos_tt_res_typ_cap_typ_125c_3.3v_3p5MHz,5.00,3.598650e-08,IN,IN,-1.183340e-03,5.072150e-04,5.806080e-07,-1.190300e-03,4.865970e-04,4.596510e-07,2.491380e+00,2.542560e+00,2.517960e+00
mos_tt_res_typ_cap_typ_125c_3.3v_3p5MHz,6.00,4.318380e-08,IN,IN,-1.154400e-03,5.632410e-04,3.471010e-07,-1.168490e-03,5.507310e-04,6.519640e-07,2.312120e+00,2.372090e+00,2.343320e+00
mos_tt_res_typ_cap_typ_125c_3.3v_3p5MHz,7.00,5.038110e-08,IN,IN,-1.118550e-03,5.707270e-04,3.908350e-07,-1.132450e-03,5.707300e-04,8.494620e-07,2.150520e+00,2.217320e+00,2.185170e+00
mos_tt_res_typ_cap_typ_125c_3.3v_3p5MHz,8.00,5.757840e-08,IN,IN,-1.062030e-03,5.618420e-04,2.502450e-07,-1.075040e-03,5.670310e-04,9.138300e-07,1.966490e+00,2.041810e+00,2.005750e+00
mos_tt_res_typ_cap_typ_125c_3.3v_3p5MHz,10.00,7.197300e-08,OUT,IN,3.297960e+00,3.300370e+00,3.300000e+00,-1.039730e-03,5.498730e-04,1.169060e-06,1.694550e+00,1.779470e+00,1.737670e+00
mos_tt_res_typ_cap_typ_125c_3.3v_3p5MHz,12.00,8.636760e-08,OUT,IN,3.298130e+00,3.300430e+00,3.300000e+00,-9.699080e-04,6.273720e-04,4.102890e-05,1.455120e+00,1.546750e+00,1.501420e+00
mos_tt_res_typ_cap_typ_125c_3.3v_3p5MHz,14.00,1.007622e-07,OUT,IN,3.298190e+00,3.300480e+00,3.300000e+00,4.478310e-03,4.010810e-02,1.830090e-02,1.272940e+00,1.367770e+00,1.320570e+00
mos_tt_res_typ_cap_typ_125c_3.3v_3p5MHz,16.00,1.151568e-07,OUT,OUT,3.298210e+00,3.300540e+00,3.300000e+00,3.298210e+00,3.300540e+00,3.300000e+00,1.125760e+00,1.219700e+00,1.172950e+00
mos_tt_res_typ_cap_typ_125c_3.3v_3p5MHz,18.00,1.295514e-07,OUT,OUT,3.298200e+00,3.300600e+00,3.300000e+00,3.298200e+00,3.300600e+00,3.300000e+00,1.011150e+00,1.102830e+00,1.057080e+00
mos_tt_res_typ_cap_typ_125c_3.3v_3p5MHz,20.00,1.439460e-07,OUT,OUT,3.298190e+00,3.300650e+00,3.300000e+00,3.298190e+00,3.300650e+00,3.300000e+00,9.181460e-01,1.006010e+00,9.620530e-01
mos_tt_res_typ_cap_typ_125c_3.3v_3p5MHz,22.00,1.583406e-07,OUT,OUT,3.298170e+00,3.300700e+00,3.300000e+00,3.298170e+00,3.300700e+00,3.300000e+00,8.388000e-01,9.206670e-01,8.797900e-01
mos_tt_res_typ_cap_typ_125c_3.3v_3p5MHz,24.00,1.727352e-07,OUT,OUT,3.298150e+00,3.300750e+00,3.300000e+00,3.298150e+00,3.300750e+00,3.300000e+00,7.749110e-01,8.505990e-01,8.127750e-01
mos_tt_res_bcs_cap_typ_-40c_3.3v_3p5MHz,0.50,2.645360e-09,IN,IN,1.373010e-06,1.611980e-06,1.465730e-06,-4.332210e-08,5.151320e-08,6.253010e-10,3.223920e+00,3.232980e+00,3.228540e+00
mos_tt_res_bcs_cap_typ_-40c_3.3v_3p5MHz,1.00,5.290720e-09,IN,IN,-7.477860e-04,6.592230e-04,1.687990e-06,-7.481390e-04,6.547440e-04,2.194630e-07,3.200550e+00,3.211610e+00,3.206160e+00
mos_tt_res_bcs_cap_typ_-40c_3.3v_3p5MHz,1.25,6.613400e-09,IN,IN,-1.158830e-03,5.096090e-05,1.469100e-06,-1.156620e-03,4.891360e-05,8.092300e-10,3.162070e+00,3.174760e+00,3.168550e+00
mos_tt_res_bcs_cap_typ_-40c_3.3v_3p5MHz,1.50,7.936080e-09,IN,IN,-1.190740e-03,3.089750e-05,1.082450e-06,-1.187500e-03,2.899400e-05,-3.886450e-07,3.060440e+00,3.077900e+00,3.069470e+00
mos_tt_res_bcs_cap_typ_-40c_3.3v_3p5MHz,1.75,9.258760e-09,IN,IN,-1.200740e-03,3.317340e-05,1.136040e-06,-1.196900e-03,3.120440e-05,-3.401110e-07,2.992860e+00,3.014410e+00,3.004020e+00
mos_tt_res_bcs_cap_typ_-40c_3.3v_3p5MHz,2.00,1.058144e-08,IN,IN,-1.205330e-03,3.511980e-05,1.098410e-06,-1.200940e-03,3.309060e-05,-3.817870e-07,2.929130e+00,2.954230e+00,2.942150e+00
mos_tt_res_bcs_cap_typ_-40c_3.3v_3p5MHz,2.25,1.190412e-08,IN,IN,-1.206370e-03,3.620720e-05,8.861430e-07,-1.201630e-03,3.414540e-05,-5.927240e-07,2.872910e+00,2.900580e+00,2.887310e+00
mos_tt_res_bcs_cap_typ_-40c_3.3v_3p5MHz,2.50,1.322680e-08,IN,IN,-1.212860e-03,3.768000e-05,7.663060e-07,-1.207430e-03,3.557880e-05,-7.080750e-07,2.811910e+00,2.842660e+00,2.827960e+00
mos_tt_res_bcs_cap_typ_-40c_3.3v_3p5MHz,3.00,1.587216e-08,IN,IN,-1.229530e-03,4.085170e-05,6.641520e-07,-1.218050e-03,3.914520e-05,-6.327120e-07,2.685270e+00,2.722730e+00,2.704870e+00
mos_tt_res_bcs_cap_typ_-40c_3.3v_3p5MHz,3.50,1.851752e-08,IN,IN,-1.298970e-03,3.171080e-04,4.537640e-07,-1.256850e-03,7.659650e-05,-6.505080e-07,2.550990e+00,2.595990e+00,2.574490e+00
mos_tt_res_bcs_cap_typ_-40c_3.3v_3p5MHz,4.00,2.116288e-08,IN,IN,-1.359540e-03,5.294650e-04,3.969860e-08,-1.330230e-03,4.667750e-04,-6.574230e-08,2.418840e+00,2.471040e+00,2.446060e+00
mos_tt_res_bcs_cap_typ_-40c_3.3v_3p5MHz,5.00,2.645360e-08,IN,IN,-1.341830e-03,6.248630e-04,-4.093180e-08,-1.353270e-03,6.088870e-04,2.734580e-07,2.175230e+00,2.240200e+00,2.208430e+00
mos_tt_res_bcs_cap_typ_-40c_3.3v_3p5MHz,6.00,3.174432e-08,OUT,IN,3.275560e+00,3.299750e+00,3.292670e+00,-1.308900e-03,6.719030e-04,3.807530e-07,1.941780e+00,2.017610e+00,1.980270e+00
mos_tt_res_bcs_cap_typ_-40c_3.3v_3p5MHz,7.00,3.703504e-08,OUT,IN,3.297410e+00,3.300320e+00,3.300000e+00,-1.270210e-03,7.114390e-04,5.423010e-07,1.720900e+00,1.807930e+00,1.764390e+00
mos_tt_res_bcs_cap_typ_-40c_3.3v_3p5MHz,8.00,4.232576e-08,OUT,IN,3.297630e+00,3.300320e+00,3.300000e+00,-1.273130e-03,7.102700e-04,5.919600e-07,1.529510e+00,1.625130e+00,1.577130e+00
mos_tt_res_bcs_cap_typ_-40c_3.3v_3p5MHz,10.00,5.290720e-08,OUT,IN,3.297780e+00,3.300360e+00,3.300000e+00,-1.991760e-04,1.839990e-02,5.189740e-03,1.232220e+00,1.340410e+00,1.285700e+00
mos_tt_res_bcs_cap_typ_-40c_3.3v_3p5MHz,12.00,6.348864e-08,OUT,OUT,3.297780e+00,3.300430e+00,3.300000e+00,3.297780e+00,3.300430e+00,3.300000e+00,1.026860e+00,1.141340e+00,1.083190e+00
mos_tt_res_bcs_cap_typ_-40c_3.3v_3p5MHz,14.00,7.407008e-08,OUT,OUT,3.297760e+00,3.300500e+00,3.300000e+00,3.297760e+00,3.300500e+00,3.300000e+00,8.781230e-01,9.947940e-01,9.353700e-01
mos_tt_res_bcs_cap_typ_-40c_3.3v_3p5MHz,16.00,8.465152e-08,OUT,OUT,3.297750e+00,3.300570e+00,3.300000e+00,3.297750e+00,3.300570e+00,3.300000e+00,7.646330e-01,8.803740e-01,8.214080e-01
mos_tt_res_bcs_cap_typ_-40c_3.3v_3p5MHz,18.00,9.523296e-08,OUT,OUT,3.297770e+00,3.300640e+00,3.300000e+00,3.297770e+00,3.300640e+00,3.300000e+00,6.776500e-01,7.914260e-01,7.333350e-01
mos_tt_res_bcs_cap_typ_-40c_3.3v_3p5MHz,20.00,1.058144e-07,OUT,OUT,3.297840e+00,3.300720e+00,3.300000e+00,3.297840e+00,3.300720e+00,3.300000e+00,6.085300e-01,7.193870e-01,6.626640e-01
mos_tt_res_bcs_cap_typ_-40c_3.3v_3p5MHz,22.00,1.163958e-07,OUT,OUT,3.297900e+00,3.300780e+00,3.300000e+00,3.297900e+00,3.300780e+00,3.300000e+00,5.522710e-01,6.593820e-01,6.048540e-01
mos_tt_res_bcs_cap_typ_-40c_3.3v_3p5MHz,24.00,1.269773e-07,OUT,OUT,3.297920e+00,3.300840e+00,3.300000e+00,3.297920e+00,3.300840e+00,3.300000e+00,5.055940e-01,6.081630e-01,5.558230e-01
mos_tt_res_bcs_cap_typ_27c_3.3v_3p5MHz,0.50,3.013560e-09,IN,IN,2.259480e-06,2.670800e-06,2.437050e-06,-4.129710e-08,5.718660e-08,5.826810e-09,3.219610e+00,3.230670e+00,3.225270e+00
mos_tt_res_bcs_cap_typ_27c_3.3v_3p5MHz,1.00,6.027120e-09,IN,IN,-7.727090e-04,7.172860e-04,2.394820e-06,-7.783070e-04,7.111450e-04,-3.762890e-08,3.216650e+00,3.227940e+00,3.222380e+00
mos_tt_res_bcs_cap_typ_27c_3.3v_3p5MHz,1.25,7.533900e-09,IN,IN,-1.151220e-03,1.222290e-04,2.401210e-06,-1.149390e-03,1.186070e-04,-3.612520e-08,3.177150e+00,3.190770e+00,3.184100e+00
mos_tt_res_bcs_cap_typ_27c_3.3v_3p5MHz,1.50,9.040680e-09,IN,IN,-1.200790e-03,4.423250e-05,2.292940e-06,-1.197170e-03,4.122100e-05,-1.539350e-07,3.091570e+00,3.110680e+00,3.101420e+00
mos_tt_res_bcs_cap_typ_27c_3.3v_3p5MHz,1.75,1.054746e-08,IN,IN,-1.190940e-03,4.599930e-05,2.318030e-06,-1.187130e-03,4.293880e-05,-1.314920e-07,3.047120e+00,3.068860e+00,3.058340e+00
mos_tt_res_bcs_cap_typ_27c_3.3v_3p5MHz,2.00,1.205424e-08,IN,IN,-1.210810e-03,4.742240e-05,2.519600e-06,-1.206960e-03,4.432700e-05,6.962220e-08,3.011620e+00,3.034720e+00,3.023550e+00
mos_tt_res_bcs_cap_typ_27c_3.3v_3p5MHz,2.25,1.356102e-08,IN,IN,-1.193370e-03,4.997730e-05,2.196850e-06,-1.188890e-03,4.681940e-05,-2.431790e-07,2.949460e+00,2.977410e+00,2.963930e+00
mos_tt_res_bcs_cap_typ_27c_3.3v_3p5MHz,2.50,1.506780e-08,IN,IN,-1.196420e-03,6.081250e-05,2.022520e-06,-1.191280e-03,5.728940e-05,-3.903140e-07,2.896990e+00,2.928470e+00,2.913320e+00
mos_tt_res_bcs_cap_typ_27c_3.3v_3p5MHz,3.00,1.808136e-08,IN,IN,-1.233140e-03,5.590970e-05,2.049640e-06,-1.224060e-03,5.306410e-05,-1.895850e-07,2.806450e+00,2.843040e+00,2.825470e+00
mos_tt_res_bcs_cap_typ_27c_3.3v_3p5MHz,3.50,2.109492e-08,IN,IN,-1.224320e-03,8.588720e-05,1.742100e-06,-1.209600e-03,5.694300e-05,-5.048270e-07,2.710080e+00,2.752300e+00,2.732060e+00
mos_tt_res_bcs_cap_typ_27c_3.3v_3p5MHz,4.00,2.410848e-08,IN,IN,-1.242140e-03,3.177400e-04,1.011320e-06,-1.222890e-03,1.309420e-04,-5.412150e-07,2.619020e+00,2.665400e+00,2.643370e+00
mos_tt_res_bcs_cap_typ_27c_3.3v_3p5MHz,5.00,3.013560e-08,IN,IN,-1.310140e-03,5.379430e-04,1.949430e-08,-1.304550e-03,4.978790e-04,-2.702890e-08,2.420070e+00,2.478470e+00,2.450580e+00
mos_tt_res_bcs_cap_typ_27c_3.3v_3p5MHz,6.00,3.616272e-08,IN,IN,-1.286630e-03,5.893180e-04,-1.174760e-07,-1.297730e-03,5.782050e-04,2.389030e-07,2.238630e+00,2.307410e+00,2.273720e+00
mos_tt_res_bcs_cap_typ_27c_3.3v_3p5MHz,7.00,4.218984e-08,IN,IN,-1.240030e-03,6.068240e-04,-1.403370e-07,-1.251920e-03,6.038160e-04,3.660590e-07,2.052730e+00,2.131670e+00,2.092920e+00
mos_tt_res_bcs_cap_typ_27c_3.3v_3p5MHz,8.00,4.821696e-08,OUT,IN,3.291070e+00,3.300240e+00,3.298040e+00,-1.217420e-03,6.075020e-04,5.348690e-07,1.884970e+00,1.971640e+00,1.928470e+00
mos_tt_res_bcs_cap_typ_27c_3.3v_3p5MHz,10.00,6.027120e-08,OUT,IN,3.297810e+00,3.300450e+00,3.300000e+00,-1.203480e-03,6.097000e-04,6.999830e-07,1.579040e+00,1.679680e+00,1.629020e+00
mos_tt_res_bcs_cap_typ_27c_3.3v_3p5MHz,12.00,7.232544e-08,OUT,IN,3.297960e+00,3.300490e+00,3.300000e+00,-6.304950e-04,1.383380e-03,2.094580e-04,1.339650e+00,1.448710e+00,1.393650e+00
mos_tt_res_bcs_cap_typ_27c_3.3v_3p5MHz,14.00,8.437968e-08,OUT,IN,3.298000e+00,3.300540e+00,3.300000e+00,1.434240e-02,1.895540e-01,6.783210e-02,1.159100e+00,1.272140e+00,1.214980e+00
mos_tt_res_bcs_cap_typ_27c_3.3v_3p5MHz,16.00,9.643392e-08,OUT,OUT,3.298000e+00,3.300600e+00,3.300000e+00,3.298000e+00,3.300600e+00,3.300000e+00,1.020320e+00,1.134100e+00,1.076470e+00
mos_tt_res_bcs_cap_typ_27c_3.3v_3p5MHz,18.00,1.084882e-07,OUT,OUT,3.297990e+00,3.300660e+00,3.300000e+00,3.297990e+00,3.300660e+00,3.300000e+00,9.107800e-01,1.023040e+00,9.660660e-01
mos_tt_res_bcs_cap_typ_27c_3.3v_3p5MHz,20.00,1.205424e-07,OUT,OUT,3.297970e+00,3.300710e+00,3.300000e+00,3.297970e+00,3.300710e+00,3.300000e+00,8.227610e-01,9.319300e-01,8.764360e-01
mos_tt_res_bcs_cap_typ_27c_3.3v_3p5MHz,22.00,1.325966e-07,OUT,OUT,3.297960e+00,3.300770e+00,3.300000e+00,3.297960e+00,3.300770e+00,3.300000e+00,7.505670e-01,8.554520e-01,8.020580e-01
mos_tt_res_bcs_cap_typ_27c_3.3v_3p5MHz,24.00,1.446509e-07,OUT,OUT,3.297960e+00,3.300820e+00,3.300000e+00,3.297960e+00,3.300820e+00,3.300000e+00,6.907040e-01,7.904560e-01,7.396380e-01
mos_tt_res_bcs_cap_typ_125c_3.3v_3p5MHz,0.50,3.598650e-09,IN,IN,4.387760e-06,5.256120e-06,4.783730e-06,4.615140e-07,5.771160e-07,5.175600e-07,3.221260e+00,3.234760e+00,3.228220e+00
mos_tt_res_bcs_cap_typ_125c_3.3v_3p5MHz,1.00,7.197300e-09,IN,IN,3.898360e-06,6.090300e-06,4.783730e-06,-3.542390e-07,1.832660e-06,5.175560e-07,3.221260e+00,3.234760e+00,3.228220e+00
mos_tt_res_bcs_cap_typ_125c_3.3v_3p5MHz,1.25,8.996625e-09,IN,IN,-1.147530e-03,2.454090e-05,4.744740e-06,-1.146810e-03,1.992720e-05,4.790900e-07,3.178980e+00,3.195950e+00,3.187650e+00
mos_tt_res_bcs_cap_typ_125c_3.3v_3p5MHz,1.50,1.079595e-08,IN,IN,-1.215790e-03,8.562020e-05,4.685780e-06,-1.213170e-03,8.033940e-05,4.220930e-07,3.138430e+00,3.158770e+00,3.148850e+00
mos_tt_res_bcs_cap_typ_125c_3.3v_3p5MHz,1.75,1.259528e-08,IN,IN,-1.155650e-03,3.028640e-05,4.518530e-06,-1.151580e-03,2.562120e-05,2.595230e-07,3.107240e+00,3.129350e+00,3.118590e+00
mos_tt_res_bcs_cap_typ_125c_3.3v_3p5MHz,2.00,1.439460e-08,IN,IN,-1.225330e-03,1.769710e-05,4.607020e-06,-1.221990e-03,1.250150e-05,3.486660e-07,3.073980e+00,3.099410e+00,3.087050e+00
mos_tt_res_bcs_cap_typ_125c_3.3v_3p5MHz,2.25,1.619393e-08,IN,IN,-1.174390e-03,5.207080e-05,4.536840e-06,-1.169060e-03,4.722490e-05,2.837290e-07,3.040390e+00,3.068480e+00,3.054850e+00
mos_tt_res_bcs_cap_typ_125c_3.3v_3p5MHz,2.50,1.799325e-08,IN,IN,-1.239950e-03,3.853560e-05,4.376840e-06,-1.235330e-03,3.398730e-05,1.346420e-07,3.004290e+00,3.034730e+00,3.019980e+00
mos_tt_res_bcs_cap_typ_125c_3.3v_3p5MHz,3.00,2.159190e-08,IN,IN,-1.222880e-03,3.931090e-05,4.450220e-06,-1.216570e-03,2.365860e-05,2.972990e-07,2.940050e+00,2.976530e+00,2.958880e+00
mos_tt_res_bcs_cap_typ_125c_3.3v_3p5MHz,3.50,2.519055e-08,IN,IN,-1.227710e-03,9.541080e-05,3.822890e-06,-1.223750e-03,3.963730e-05,-5.924220e-08,2.868550e+00,2.909200e+00,2.889560e+00
mos_tt_res_bcs_cap_typ_125c_3.3v_3p5MHz,4.00,2.878920e-08,IN,IN,-1.225450e-03,2.000530e-04,3.439840e-06,-1.222550e-03,9.009980e-05,1.673780e-07,2.802520e+00,2.848920e+00,2.826530e+00
mos_tt_res_bcs_cap_typ_125c_3.3v_3p5MHz,5.00,3.598650e-08,IN,IN,-1.259940e-03,4.166290e-04,1.754360e-06,-1.231370e-03,3.187080e-04,1.999180e-07,2.667430e+00,2.722780e+00,2.696130e+00
mos_tt_res_bcs_cap_typ_125c_3.3v_3p5MHz,6.00,4.318380e-08,IN,IN,-1.292760e-03,4.940030e-04,7.885840e-07,-1.287010e-03,4.700270e-04,3.997550e-07,2.529290e+00,2.592590e+00,2.562160e+00
mos_tt_res_bcs_cap_typ_125c_3.3v_3p5MHz,7.00,5.038110e-08,IN,IN,-1.267110e-03,5.503070e-04,4.100730e-07,-1.276020e-03,5.275760e-04,5.769910e-07,2.402800e+00,2.475330e+00,2.440560e+00
mos_tt_res_bcs_cap_typ_125c_3.3v_3p5MHz,8.00,5.757840e-08,IN,IN,-1.252210e-03,5.712130e-04,2.808020e-07,-1.263630e-03,5.660890e-04,7.250830e-07,2.265330e+00,2.343360e+00,2.306010e+00
mos_tt_res_bcs_cap_typ_125c_3.3v_3p5MHz,10.00,7.197300e-08,IN,IN,-1.220580e-03,5.609720e-04,1.997130e-07,-1.228460e-03,5.633120e-04,9.113420e-07,2.014550e+00,2.105370e+00,2.062060e+00
mos_tt_res_bcs_cap_typ_125c_3.3v_3p5MHz,12.00,8.636760e-08,OUT,IN,3.297390e+00,3.300450e+00,3.299620e+00,-1.182120e-03,5.635990e-04,1.104350e-06,1.788560e+00,1.887780e+00,1.839430e+00
mos_tt_res_bcs_cap_typ_125c_3.3v_3p5MHz,14.00,1.007622e-07,OUT,IN,3.298090e+00,3.300510e+00,3.300000e+00,-1.199800e-03,5.421690e-04,1.228540e-06,1.594110e+00,1.698860e+00,1.647910e+00
mos_tt_res_bcs_cap_typ_125c_3.3v_3p5MHz,16.00,1.151568e-07,OUT,IN,3.298190e+00,3.300540e+00,3.300000e+00,-8.461570e-04,9.829650e-04,1.347960e-04,1.423870e+00,1.530540e+00,1.477890e+00
mos_tt_res_bcs_cap_typ_125c_3.3v_3p5MHz,18.00,1.295514e-07,OUT,IN,3.298240e+00,3.300670e+00,3.300000e+00,1.760330e-03,2.994420e-02,1.201430e-02,1.287850e+00,1.393900e+00,1.341330e+00
mos_tt_res_bcs_cap_typ_125c_3.3v_3p5MHz,20.00,1.439460e-07,OUT,TOG,3.298260e+00,3.300730e+00,3.300000e+00,3.917030e-02,3.304430e+00,2.393110e+00,1.175750e+00,1.278690e+00,1.227300e+00
mos_tt_res_bcs_cap_typ_125c_3.3v_3p5MHz,22.00,1.583406e-07,OUT,OUT,3.298260e+00,3.300740e+00,3.300000e+00,3.298260e+00,3.300740e+00,3.300000e+00,1.077520e+00,1.174750e+00,1.126290e+00
mos_tt_res_bcs_cap_typ_125c_3.3v_3p5MHz,24.00,1.727352e-07,OUT,OUT,3.298260e+00,3.300740e+00,3.300000e+00,3.298260e+00,3.300740e+00,3.300000e+00,9.996880e-01,1.090210e+00,1.045030e+00
mos_tt_res_wcs_cap_typ_-40c_3.3v_3p5MHz,0.50,2.645360e-09,IN,IN,8.339480e-07,9.636900e-07,8.787080e-07,-4.335780e-08,5.151310e-08,6.252870e-10,3.225880e+00,3.231310e+00,3.228630e+00
mos_tt_res_wcs_cap_typ_-40c_3.3v_3p5MHz,1.00,5.290720e-09,IN,IN,-7.485890e-04,6.587060e-04,1.007110e-06,-7.483500e-04,6.549430e-04,1.268670e-07,3.195260e+00,3.202160e+00,3.198740e+00
mos_tt_res_wcs_cap_typ_-40c_3.3v_3p5MHz,1.25,6.613400e-09,IN,IN,-1.161520e-03,5.058110e-05,8.613570e-07,-1.158570e-03,4.916730e-05,-1.906420e-08,3.125680e+00,3.134660e+00,3.130260e+00
mos_tt_res_wcs_cap_typ_-40c_3.3v_3p5MHz,1.50,7.936080e-09,IN,IN,-1.200020e-03,3.100730e-05,5.904470e-07,-1.195400e-03,2.971910e-05,-2.953430e-07,2.948530e+00,2.962990e+00,2.956020e+00
mos_tt_res_wcs_cap_typ_-40c_3.3v_3p5MHz,1.75,9.258760e-09,IN,IN,-1.215270e-03,3.390580e-05,6.038240e-07,-1.209560e-03,3.247370e-05,-2.808860e-07,2.840460e+00,2.858800e+00,2.849970e+00
mos_tt_res_wcs_cap_typ_-40c_3.3v_3p5MHz,2.00,1.058144e-08,IN,IN,-1.227640e-03,3.614940e-05,5.516240e-07,-1.219200e-03,3.473730e-05,-2.902710e-07,2.736350e+00,2.758190e+00,2.747700e+00
mos_tt_res_wcs_cap_typ_-40c_3.3v_3p5MHz,2.25,1.190412e-08,IN,IN,-1.263660e-03,3.752140e-05,3.703050e-07,-1.229350e-03,3.613710e-05,-4.707720e-07,2.638740e+00,2.663510e+00,2.651650e+00
mos_tt_res_wcs_cap_typ_-40c_3.3v_3p5MHz,2.50,1.322680e-08,IN,IN,-1.348320e-03,3.283790e-04,1.347850e-07,-1.301460e-03,1.012610e-04,-4.299920e-07,2.537210e+00,2.565520e+00,2.551770e+00
mos_tt_res_wcs_cap_typ_-40c_3.3v_3p5MHz,3.00,1.587216e-08,IN,IN,-1.365060e-03,5.771430e-04,-7.912370e-11,-1.365270e-03,5.457950e-04,9.446540e-08,2.331640e+00,2.367090e+00,2.349630e+00
mos_tt_res_wcs_cap_typ_-40c_3.3v_3p5MHz,3.50,1.851752e-08,IN,IN,-1.322350e-03,6.400210e-04,-1.709690e-08,-1.335200e-03,6.269530e-04,1.962790e-07,2.120740e+00,2.163440e+00,2.142380e+00
mos_tt_res_wcs_cap_typ_-40c_3.3v_3p5MHz,4.00,2.116288e-08,OUT,IN,3.295280e+00,3.300030e+00,3.298990e+00,-1.291730e-03,6.835370e-04,2.219480e-07,1.923870e+00,1.972780e+00,1.948580e+00
mos_tt_res_wcs_cap_typ_-40c_3.3v_3p5MHz,5.00,2.645360e-08,OUT,IN,3.297500e+00,3.300230e+00,3.300000e+00,-1.273070e-03,7.173270e-04,3.647820e-07,1.581050e+00,1.641090e+00,1.610780e+00
mos_tt_res_wcs_cap_typ_-40c_3.3v_3p5MHz,6.00,3.174432e-08,OUT,IN,3.297670e+00,3.300270e+00,3.300000e+00,-1.210310e-03,8.529830e-04,1.278200e-04,1.316390e+00,1.384510e+00,1.350070e+00
mos_tt_res_wcs_cap_typ_-40c_3.3v_3p5MHz,7.00,3.703504e-08,OUT,OUT,3.297710e+00,3.300330e+00,3.300000e+00,3.297710e+00,3.300330e+00,3.300000e+00,1.122000e+00,1.195580e+00,1.158120e+00
mos_tt_res_wcs_cap_typ_-40c_3.3v_3p5MHz,8.00,4.232576e-08,OUT,OUT,3.297700e+00,3.300390e+00,3.300000e+00,3.297700e+00,3.300390e+00,3.300000e+00,9.776140e-01,1.054900e+00,1.015580e+00
mos_tt_res_wcs_cap_typ_-40c_3.3v_3p5MHz,10.00,5.290720e-08,OUT,OUT,3.297660e+00,3.300510e+00,3.300000e+00,3.297660e+00,3.300510e+00,3.300000e+00,7.751480e-01,8.562050e-01,8.147890e-01
mos_tt_res_wcs_cap_typ_-40c_3.3v_3p5MHz,12.00,6.348864e-08,OUT,OUT,3.297710e+00,3.300630e+00,3.300000e+00,3.297710e+00,3.300630e+00,3.300000e+00,6.406110e-01,7.227840e-01,6.806620e-01
mos_tt_res_wcs_cap_typ_-40c_3.3v_3p5MHz,14.00,7.407008e-08,OUT,OUT,3.297800e+00,3.300730e+00,3.300000e+00,3.297800e+00,3.300730e+00,3.300000e+00,5.445110e-01,6.261250e-01,5.842060e-01
mos_tt_res_wcs_cap_typ_-40c_3.3v_3p5MHz,16.00,8.465152e-08,OUT,OUT,3.297830e+00,3.300790e+00,3.300000e+00,3.297830e+00,3.300790e+00,3.300000e+00,4.714880e-01,5.508080e-01,5.101240e-01
mos_tt_res_wcs_cap_typ_-40c_3.3v_3p5MHz,18.00,9.523296e-08,OUT,OUT,3.297850e+00,3.300840e+00,3.300000e+00,3.297850e+00,3.300840e+00,3.300000e+00,4.166820e-01,4.938560e-01,4.541800e-01
mos_tt_res_wcs_cap_typ_-40c_3.3v_3p5MHz,20.00,1.058144e-07,OUT,OUT,3.297870e+00,3.300870e+00,3.300000e+00,3.297870e+00,3.300870e+00,3.300000e+00,3.729480e-01,4.473190e-01,4.090550e-01
mos_tt_res_wcs_cap_typ_-40c_3.3v_3p5MHz,22.00,1.163958e-07,OUT,OUT,3.297880e+00,3.300900e+00,3.300000e+00,3.297880e+00,3.300900e+00,3.300000e+00,3.381320e-01,4.098440e-01,3.731020e-01
mos_tt_res_wcs_cap_typ_-40c_3.3v_3p5MHz,24.00,1.269773e-07,OUT,OUT,3.297890e+00,3.300930e+00,3.300000e+00,3.297890e+00,3.300930e+00,3.300000e+00,3.083900e-01,3.762310e-01,3.415210e-01
mos_tt_res_wcs_cap_typ_27c_3.3v_3p5MHz,0.50,3.013560e-09,IN,IN,1.335210e-06,1.512320e-06,1.397120e-06,-4.129670e-08,5.718450e-08,5.826800e-09,3.225430e+00,3.231770e+00,3.228650e+00
mos_tt_res_wcs_cap_typ_27c_3.3v_3p5MHz,1.00,6.027120e-09,IN,IN,-7.743430e-04,7.155650e-04,1.301300e-06,-7.783560e-04,7.110850e-04,-8.908850e-08,3.223460e+00,3.229340e+00,3.226450e+00
mos_tt_res_wcs_cap_typ_27c_3.3v_3p5MHz,1.25,7.533900e-09,IN,IN,-1.153860e-03,1.217710e-04,1.368250e-06,-1.150990e-03,1.190850e-04,-2.791000e-08,3.155010e+00,3.164150e+00,3.159670e+00
mos_tt_res_wcs_cap_typ_27c_3.3v_3p5MHz,1.50,9.040680e-09,IN,IN,-1.208590e-03,4.406930e-05,1.275010e-06,-1.204000e-03,4.197390e-05,-1.238630e-07,3.013510e+00,3.028340e+00,3.021160e+00
mos_tt_res_wcs_cap_typ_27c_3.3v_3p5MHz,1.75,1.054746e-08,IN,IN,-1.203300e-03,4.632320e-05,1.365060e-06,-1.197520e-03,4.416710e-05,-1.981330e-08,2.936380e+00,2.954960e+00,2.945970e+00
mos_tt_res_wcs_cap_typ_27c_3.3v_3p5MHz,2.00,1.205424e-08,IN,IN,-1.226640e-03,4.851800e-05,1.847080e-06,-1.219860e-03,4.642150e-05,5.636610e-07,2.862470e+00,2.886460e+00,2.874810e+00
mos_tt_res_wcs_cap_typ_27c_3.3v_3p5MHz,2.25,1.356102e-08,IN,IN,-1.222620e-03,5.108950e-05,1.192340e-06,-1.208820e-03,4.886850e-05,-1.740870e-07,2.776500e+00,2.801100e+00,2.789260e+00
mos_tt_res_wcs_cap_typ_27c_3.3v_3p5MHz,2.50,1.506780e-08,IN,IN,-1.342820e-03,6.661400e-04,1.017690e-06,-1.320030e-03,6.499430e-04,-2.904770e-07,2.741960e+00,2.767760e+00,2.755170e+00
mos_tt_res_wcs_cap_typ_27c_3.3v_3p5MHz,3.00,1.808136e-08,IN,IN,-1.329610e-03,4.426430e-04,2.138630e-07,-1.309080e-03,3.295580e-04,-1.201060e-07,2.540580e+00,2.573850e+00,2.557990e+00
mos_tt_res_wcs_cap_typ_27c_3.3v_3p5MHz,3.50,2.109492e-08,IN,IN,-1.301290e-03,5.532570e-04,-3.983140e-08,-1.303950e-03,5.269330e-04,4.950500e-08,2.384250e+00,2.422950e+00,2.404560e+00
mos_tt_res_wcs_cap_typ_27c_3.3v_3p5MHz,4.00,2.410848e-08,IN,IN,-1.272860e-03,5.947530e-04,-1.239420e-07,-1.285880e-03,5.840720e-04,1.094620e-07,2.231440e+00,2.276170e+00,2.254960e+00
mos_tt_res_wcs_cap_typ_27c_3.3v_3p5MHz,5.00,3.013560e-08,OUT,IN,3.284130e+00,3.298670e+00,3.293560e+00,-1.232870e-03,6.105880e-04,2.316010e-07,1.934100e+00,1.988260e+00,1.961980e+00
mos_tt_res_wcs_cap_typ_27c_3.3v_3p5MHz,6.00,3.616272e-08,OUT,IN,3.297600e+00,3.300330e+00,3.300000e+00,-1.206060e-03,6.202710e-04,2.687960e-07,1.672980e+00,1.736830e+00,1.705620e+00
mos_tt_res_wcs_cap_typ_27c_3.3v_3p5MHz,7.00,4.218984e-08,OUT,IN,3.297680e+00,3.301000e+00,3.300000e+00,-1.553010e-03,5.814060e-04,5.193370e-07,1.482400e+00,1.553790e+00,1.517010e+00
mos_tt_res_wcs_cap_typ_27c_3.3v_3p5MHz,8.00,4.821696e-08,OUT,IN,3.297860e+00,3.300400e+00,3.300000e+00,1.714370e-04,1.067290e-02,4.017010e-03,1.280180e+00,1.356140e+00,1.318280e+00
mos_tt_res_wcs_cap_typ_27c_3.3v_3p5MHz,10.00,6.027120e-08,OUT,OUT,3.297890e+00,3.300500e+00,3.300000e+00,3.297890e+00,3.300500e+00,3.300000e+00,1.028880e+00,1.110540e+00,1.069490e+00
mos_tt_res_wcs_cap_typ_27c_3.3v_3p5MHz,12.00,7.232544e-08,OUT,OUT,3.297860e+00,3.300600e+00,3.300000e+00,3.297860e+00,3.300600e+00,3.300000e+00,8.579770e-01,9.415830e-01,8.992690e-01
mos_tt_res_wcs_cap_typ_27c_3.3v_3p5MHz,14.00,8.437968e-08,OUT,OUT,3.297850e+00,3.300700e+00,3.300000e+00,3.297850e+00,3.300700e+00,3.300000e+00,7.347330e-01,8.181670e-01,7.757190e-01
mos_tt_res_wcs_cap_typ_27c_3.3v_3p5MHz,16.00,9.643392e-08,OUT,OUT,3.297860e+00,3.300780e+00,3.300000e+00,3.297860e+00,3.300780e+00,3.300000e+00,6.416310e-01,7.234210e-01,6.817720e-01
mos_tt_res_wcs_cap_typ_27c_3.3v_3p5MHz,18.00,1.084882e-07,OUT,OUT,3.297910e+00,3.300850e+00,3.300000e+00,3.297910e+00,3.300850e+00,3.300000e+00,5.694130e-01,6.486090e-01,6.082650e-01
mos_tt_res_wcs_cap_typ_27c_3.3v_3p5MHz,20.00,1.205424e-07,OUT,OUT,3.297960e+00,3.300910e+00,3.300000e+00,3.297960e+00,3.300910e+00,3.300000e+00,5.118290e-01,5.877590e-01,5.490790e-01
mos_tt_res_wcs_cap_typ_27c_3.3v_3p5MHz,22.00,1.325966e-07,OUT,OUT,3.297990e+00,3.300950e+00,3.300000e+00,3.297990e+00,3.300950e+00,3.300000e+00,4.649890e-01,5.371550e-01,5.004150e-01
mos_tt_res_wcs_cap_typ_27c_3.3v_3p5MHz,24.00,1.446509e-07,OUT,OUT,3.298000e+00,3.300980e+00,3.300000e+00,3.298000e+00,3.300980e+00,3.300000e+00,4.262590e-01,4.943040e-01,4.596870e-01
mos_tt_res_wcs_cap_typ_125c_3.3v_3p5MHz,0.50,3.598650e-09,IN,IN,2.974020e-06,3.330610e-06,3.122050e-06,4.615140e-07,5.768380e-07,5.175620e-07,3.222760e+00,3.231000e+00,3.226960e+00
mos_tt_res_wcs_cap_typ_125c_3.3v_3p5MHz,1.00,7.197300e-09,IN,IN,2.587610e-06,3.798100e-06,3.122050e-06,-1.315420e-08,1.042750e-06,5.175610e-07,3.222760e+00,3.231000e+00,3.226960e+00
mos_tt_res_wcs_cap_typ_125c_3.3v_3p5MHz,1.25,8.996625e-09,IN,IN,-1.014990e-03,8.029920e-06,3.008610e-06,-1.009550e-03,5.097180e-06,4.058360e-07,3.153380e+00,3.164990e+00,3.159280e+00
mos_tt_res_wcs_cap_typ_125c_3.3v_3p5MHz,1.50,1.079595e-08,IN,IN,-1.138310e-03,6.906420e-05,2.934100e-06,-1.131100e-03,6.534890e-05,3.338650e-07,3.086960e+00,3.101900e+00,3.094590e+00
mos_tt_res_wcs_cap_typ_125c_3.3v_3p5MHz,1.75,1.259528e-08,IN,IN,-1.167410e-03,1.395540e-05,3.128840e-06,-1.159790e-03,1.039160e-05,5.358410e-07,3.035510e+00,3.053360e+00,3.044640e+00
mos_tt_res_wcs_cap_typ_125c_3.3v_3p5MHz,2.00,1.439460e-08,IN,IN,-1.176580e-03,1.863970e-05,2.857580e-06,-1.167240e-03,1.305100e-05,2.896300e-07,2.982200e+00,3.002350e+00,2.992550e+00
mos_tt_res_wcs_cap_typ_125c_3.3v_3p5MHz,2.25,1.619393e-08,IN,IN,-1.198530e-03,3.161530e-05,2.705920e-06,-1.185370e-03,1.721960e-05,2.154100e-07,2.926610e+00,2.949390e+00,2.938330e+00
mos_tt_res_wcs_cap_typ_125c_3.3v_3p5MHz,2.50,1.799325e-08,IN,IN,-1.209950e-03,7.193350e-05,2.515710e-06,-1.195410e-03,2.785230e-05,2.083350e-07,2.869270e+00,2.894820e+00,2.882430e+00
mos_tt_res_wcs_cap_typ_125c_3.3v_3p5MHz,3.00,2.159190e-08,IN,IN,-1.187980e-03,2.536170e-04,1.669830e-06,-1.191490e-03,1.284960e-04,6.809450e-08,2.761460e+00,2.791710e+00,2.777100e+00
mos_tt_res_wcs_cap_typ_125c_3.3v_3p5MHz,3.50,2.519055e-08,IN,IN,-1.192880e-03,4.311930e-04,9.955460e-07,-1.183810e-03,3.414180e-04,2.508120e-07,2.649540e+00,2.684770e+00,2.667790e+00
mos_tt_res_wcs_cap_typ_125c_3.3v_3p5MHz,4.00,2.878920e-08,IN,IN,-1.197510e-03,4.922430e-04,6.374220e-07,-1.198390e-03,4.645420e-04,4.242200e-07,2.538910e+00,2.578890e+00,2.559650e+00
mos_tt_res_wcs_cap_typ_125c_3.3v_3p5MHz,5.00,3.598650e-08,IN,IN,-1.144500e-03,5.653930e-04,4.197450e-07,-1.160340e-03,5.517000e-04,6.468030e-07,2.322510e+00,2.371200e+00,2.347860e+00
mos_tt_res_wcs_cap_typ_125c_3.3v_3p5MHz,6.00,4.318380e-08,IN,IN,-1.102980e-03,5.717620e-04,3.737720e-07,-1.116110e-03,5.732510e-04,7.649240e-07,2.103960e+00,2.161510e+00,2.133890e+00
mos_tt_res_wcs_cap_typ_125c_3.3v_3p5MHz,7.00,5.038110e-08,OUT,IN,3.269500e+00,3.295490e+00,3.285440e+00,-1.073010e-03,5.616350e-04,9.350490e-07,1.914140e+00,1.978110e+00,1.946930e+00
mos_tt_res_wcs_cap_typ_125c_3.3v_3p5MHz,8.00,5.757840e-08,OUT,IN,3.297850e+00,3.300290e+00,3.299990e+00,-1.026020e-03,5.590310e-04,1.009370e-06,1.728540e+00,1.799650e+00,1.764760e+00
mos_tt_res_wcs_cap_typ_125c_3.3v_3p5MHz,10.00,7.197300e-08,OUT,IN,3.298080e+00,3.300370e+00,3.300000e+00,-8.735960e-04,7.799210e-04,1.029070e-04,1.437440e+00,1.517430e+00,1.477690e+00
mos_tt_res_wcs_cap_typ_125c_3.3v_3p5MHz,12.00,8.636760e-08,OUT,IN,3.298130e+00,3.300440e+00,3.300000e+00,2.566210e-02,1.091580e-01,5.959630e-02,1.216020e+00,1.299730e+00,1.258100e+00
mos_tt_res_wcs_cap_typ_125c_3.3v_3p5MHz,14.00,1.007622e-07,OUT,OUT,3.298140e+00,3.300510e+00,3.300000e+00,3.298140e+00,3.300510e+00,3.300000e+00,1.057720e+00,1.143220e+00,1.100400e+00
mos_tt_res_wcs_cap_typ_125c_3.3v_3p5MHz,16.00,1.151568e-07,OUT,OUT,3.298070e+00,3.301300e+00,3.300000e+00,3.298070e+00,3.301300e+00,3.300000e+00,9.335210e-01,1.017510e+00,9.751370e-01
mos_tt_res_wcs_cap_typ_125c_3.3v_3p5MHz,18.00,1.295514e-07,OUT,OUT,3.298100e+00,3.300640e+00,3.300000e+00,3.298100e+00,3.300640e+00,3.300000e+00,8.310270e-01,9.111200e-01,8.710530e-01
mos_tt_res_wcs_cap_typ_125c_3.3v_3p5MHz,20.00,1.439460e-07,OUT,OUT,3.298080e+00,3.300690e+00,3.300000e+00,3.298080e+00,3.300690e+00,3.300000e+00,7.521680e-01,8.282990e-01,7.901620e-01
mos_tt_res_wcs_cap_typ_125c_3.3v_3p5MHz,22.00,1.583406e-07,OUT,OUT,3.298060e+00,3.300750e+00,3.300000e+00,3.298060e+00,3.300750e+00,3.300000e+00,6.853910e-01,7.559290e-01,7.206990e-01
mos_tt_res_wcs_cap_typ_125c_3.3v_3p5MHz,24.00,1.727352e-07,OUT,OUT,3.298020e+00,3.301460e+00,3.300000e+00,3.298020e+00,3.301460e+00,3.300000e+00,6.334700e-01,6.991510e-01,6.661170e-01
mos_tt_res_typ_cap_typ_27c_3.3v_24p4MHz,0.50,3.013560e-09,IN,IN,1.676140e-06,1.789970e-06,1.724640e-06,-4.129730e-08,5.716990e-08,5.826960e-09,3.228900e+00,3.230040e+00,3.229470e+00
mos_tt_res_typ_cap_typ_27c_3.3v_24p4MHz,1.00,6.027120e-09,IN,IN,-3.463740e-05,1.281040e-04,1.723790e-06,-3.690730e-05,1.262750e-04,4.884500e-09,3.228260e+00,3.229400e+00,3.228830e+00
mos_tt_res_typ_cap_typ_27c_3.3v_24p4MHz,1.25,7.533900e-09,IN,IN,-1.170510e-03,1.380920e-04,1.517170e-06,-1.164050e-03,1.342940e-04,-8.576100e-08,2.841500e+00,2.846050e+00,2.843510e+00
mos_tt_res_typ_cap_typ_27c_3.3v_24p4MHz,1.50,9.040680e-09,IN,IN,-1.261400e-03,6.036200e-04,-1.605690e-07,-1.284210e-03,5.934940e-04,1.874240e-07,2.165750e+00,2.174830e+00,2.170180e+00
mos_tt_res_typ_cap_typ_27c_3.3v_24p4MHz,1.75,1.054746e-08,OUT,IN,3.297630e+00,3.300450e+00,3.300000e+00,-1.211370e-03,6.090770e-04,3.260630e-07,1.787910e+00,1.799320e+00,1.793540e+00
mos_tt_res_typ_cap_typ_27c_3.3v_24p4MHz,2.00,1.205424e-08,OUT,IN,3.297830e+00,3.300450e+00,3.300000e+00,-1.223660e-03,5.770930e-04,8.524130e-07,1.468050e+00,1.481230e+00,1.474610e+00
mos_tt_res_typ_cap_typ_27c_3.3v_24p4MHz,2.25,1.356102e-08,OUT,IN,3.297920e+00,3.300480e+00,3.300000e+00,2.504810e-02,3.322700e-02,2.933670e-02,1.234620e+00,1.248920e+00,1.241770e+00
mos_tt_res_typ_cap_typ_27c_3.3v_24p4MHz,2.50,1.506780e-08,OUT,OUT,3.297930e+00,3.300530e+00,3.300000e+00,3.297930e+00,3.300530e+00,3.300000e+00,1.065780e+00,1.080720e+00,1.073290e+00
mos_tt_res_typ_cap_typ_27c_3.3v_24p4MHz,3.00,1.808136e-08,OUT,OUT,3.297900e+00,3.300670e+00,3.300000e+00,3.297900e+00,3.300670e+00,3.300000e+00,8.358600e-01,8.512260e-01,8.436450e-01
mos_tt_res_typ_cap_typ_27c_3.3v_24p4MHz,3.50,2.109492e-08,OUT,OUT,3.297890e+00,3.300850e+00,3.300000e+00,3.297890e+00,3.300850e+00,3.300000e+00,6.863250e-01,7.015260e-01,6.940700e-01
mos_tt_res_typ_cap_typ_27c_3.3v_24p4MHz,4.00,2.410848e-08,OUT,OUT,3.297940e+00,3.301030e+00,3.300000e+00,3.297940e+00,3.301030e+00,3.300000e+00,5.837380e-01,5.983960e-01,5.912670e-01
mos_tt_res_typ_cap_typ_27c_3.3v_24p4MHz,5.00,3.013560e-08,OUT,OUT,3.298040e+00,3.301200e+00,3.300000e+00,3.298040e+00,3.301200e+00,3.300000e+00,4.502970e-01,4.627410e-01,4.571110e-01
mos_tt_res_typ_cap_typ_27c_3.3v_24p4MHz,6.00,3.616272e-08,OUT,OUT,3.298090e+00,3.302120e+00,3.300000e+00,3.298090e+00,3.302120e+00,3.300000e+00,3.186870e-01,3.257520e-01,3.237520e-01
mos_tt_res_typ_cap_typ_27c_3.3v_24p4MHz,7.00,4.218984e-08,OUT,OUT,3.298100e+00,3.301740e+00,3.300000e+00,3.298100e+00,3.301740e+00,3.300000e+00,2.912560e-01,2.965290e-01,2.956850e-01
mos_tt_res_typ_cap_typ_27c_3.3v_24p4MHz,8.00,4.821696e-08,OUT,OUT,3.298100e+00,3.301740e+00,3.300000e+00,3.298100e+00,3.301740e+00,3.300000e+00,2.912560e-01,2.965290e-01,2.956850e-01
mos_tt_res_typ_cap_typ_27c_3.3v_24p4MHz,10.00,6.027120e-08,OUT,OUT,3.298100e+00,3.301740e+00,3.300000e+00,3.298100e+00,3.301740e+00,3.300000e+00,2.912560e-01,2.965290e-01,2.956840e-01
mos_tt_res_typ_cap_typ_27c_3.3v_24p4MHz,12.00,7.232544e-08,OUT,OUT,3.298100e+00,3.301740e+00,3.300000e+00,3.298100e+00,3.301740e+00,3.300000e+00,2.912560e-01,2.965290e-01,2.956790e-01
mos_tt_res_typ_cap_typ_27c_3.3v_24p4MHz,14.00,8.437968e-08,OUT,OUT,3.298100e+00,3.301740e+00,3.300000e+00,3.298100e+00,3.301740e+00,3.300000e+00,2.912560e-01,2.965290e-01,2.956860e-01
mos_tt_res_typ_cap_typ_27c_3.3v_24p4MHz,16.00,9.643392e-08,OUT,OUT,3.298100e+00,3.301740e+00,3.300000e+00,3.298100e+00,3.301740e+00,3.300000e+00,2.912560e-01,2.965290e-01,2.956840e-01
mos_tt_res_typ_cap_typ_27c_3.3v_24p4MHz,18.00,1.084882e-07,OUT,OUT,3.298100e+00,3.301740e+00,3.300000e+00,3.298100e+00,3.301740e+00,3.300000e+00,2.912560e-01,2.965290e-01,2.956800e-01
mos_tt_res_typ_cap_typ_27c_3.3v_24p4MHz,20.00,1.205424e-07,OUT,OUT,3.298100e+00,3.301740e+00,3.300000e+00,3.298100e+00,3.301740e+00,3.300000e+00,2.912650e-01,2.965390e-01,2.956930e-01
mos_tt_res_typ_cap_typ_27c_3.3v_24p4MHz,22.00,1.325966e-07,OUT,OUT,3.298100e+00,3.301740e+00,3.300000e+00,3.298100e+00,3.301740e+00,3.300000e+00,2.912560e-01,2.965290e-01,2.956860e-01
mos_tt_res_typ_cap_typ_27c_3.3v_24p4MHz,24.00,1.446509e-07,OUT,OUT,3.297990e+00,3.301710e+00,3.300000e+00,3.298000e+00,3.301710e+00,3.300000e+00,2.905770e-01,2.957380e-01,2.950730e-01
mos_tt_res_bcs_cap_typ_125c_3.3v_24p4MHz,0.50,3.598650e-09,IN,IN,4.707430e-06,4.879020e-06,4.767480e-06,4.620670e-07,5.768360e-07,5.175630e-07,3.227520e+00,3.229450e+00,3.228490e+00
mos_tt_res_bcs_cap_typ_125c_3.3v_24p4MHz,1.00,7.197300e-09,IN,IN,4.229670e-06,5.353660e-06,4.767460e-06,-1.074960e-08,1.052880e-06,5.175470e-07,3.227520e+00,3.229450e+00,3.228490e+00
mos_tt_res_bcs_cap_typ_125c_3.3v_24p4MHz,1.25,8.996625e-09,IN,IN,-1.023940e-03,2.622250e-04,4.230820e-06,-1.017930e-03,2.550520e-04,4.389870e-09,3.024810e+00,3.029560e+00,3.026930e+00
mos_tt_res_bcs_cap_typ_125c_3.3v_24p4MHz,1.50,1.079595e-08,IN,IN,-1.301100e-03,2.402500e-04,1.916310e-06,-1.232790e-03,2.349970e-04,-3.870340e-07,2.757430e+00,2.765400e+00,2.761130e+00
mos_tt_res_bcs_cap_typ_125c_3.3v_24p4MHz,1.75,1.259528e-08,IN,IN,-1.220500e-03,4.739630e-04,5.792180e-07,-1.255000e-03,4.323440e-04,3.679680e-07,2.533970e+00,2.544250e+00,2.538860e+00
mos_tt_res_bcs_cap_typ_125c_3.3v_24p4MHz,2.00,1.439460e-08,IN,IN,-1.148840e-03,5.638650e-04,2.168410e-07,-1.162530e-03,5.548470e-04,7.203310e-07,2.294740e+00,2.307260e+00,2.300830e+00
mos_tt_res_bcs_cap_typ_125c_3.3v_24p4MHz,2.25,1.619393e-08,IN,IN,-1.094890e-03,5.649280e-04,2.585630e-07,-1.107170e-03,5.678080e-04,9.754200e-07,2.080870e+00,2.095110e+00,2.087860e+00
mos_tt_res_bcs_cap_typ_125c_3.3v_24p4MHz,2.50,1.799325e-08,OUT,IN,3.295560e+00,3.298580e+00,3.297740e+00,-1.068620e-03,5.513380e-04,1.115290e-06,1.888090e+00,1.903550e+00,1.895740e+00
mos_tt_res_bcs_cap_typ_125c_3.3v_24p4MHz,3.00,2.159190e-08,OUT,IN,3.298200e+00,3.300900e+00,3.300000e+00,-1.044030e-03,5.247550e-04,3.893080e-06,1.540680e+00,1.557790e+00,1.549270e+00
mos_tt_res_bcs_cap_typ_125c_3.3v_24p4MHz,3.50,2.519055e-08,OUT,IN,3.298310e+00,3.300810e+00,3.300000e+00,5.773940e-02,7.265070e-02,6.501810e-02,1.239960e+00,1.256300e+00,1.248720e+00
mos_tt_res_bcs_cap_typ_125c_3.3v_24p4MHz,4.00,2.878920e-08,OUT,OUT,3.298310e+00,3.301090e+00,3.300000e+00,3.298310e+00,3.301090e+00,3.300000e+00,1.047600e+00,1.063310e+00,1.055910e+00
mos_tt_res_bcs_cap_typ_125c_3.3v_24p4MHz,5.00,3.598650e-08,OUT,OUT,3.298250e+00,3.302020e+00,3.300000e+00,3.298250e+00,3.302020e+00,3.300000e+00,7.182820e-01,7.263100e-01,7.235990e-01
mos_tt_res_bcs_cap_typ_125c_3.3v_24p4MHz,6.00,4.318380e-08,OUT,OUT,3.298250e+00,3.301540e+00,3.300000e+00,3.298250e+00,3.301540e+00,3.300000e+00,6.576850e-01,6.628980e-01,6.618710e-01
mos_tt_res_bcs_cap_typ_125c_3.3v_24p4MHz,7.00,5.038110e-08,OUT,OUT,3.298250e+00,3.301540e+00,3.300000e+00,3.298250e+00,3.301540e+00,3.300000e+00,6.576840e-01,6.628980e-01,6.618720e-01
mos_tt_res_bcs_cap_typ_125c_3.3v_24p4MHz,8.00,5.757840e-08,OUT,OUT,3.298250e+00,3.301540e+00,3.300000e+00,3.298250e+00,3.301540e+00,3.300000e+00,6.576840e-01,6.628980e-01,6.618710e-01
mos_tt_res_bcs_cap_typ_125c_3.3v_24p4MHz,10.00,7.197300e-08,OUT,OUT,3.298250e+00,3.301540e+00,3.300000e+00,3.298250e+00,3.301540e+00,3.300000e+00,6.576840e-01,6.628980e-01,6.618680e-01
mos_tt_res_bcs_cap_typ_125c_3.3v_24p4MHz,12.00,8.636760e-08,OUT,OUT,3.298250e+00,3.301540e+00,3.300000e+00,3.298250e+00,3.301540e+00,3.300000e+00,6.576820e-01,6.628960e-01,6.618700e-01
mos_tt_res_bcs_cap_typ_125c_3.3v_24p4MHz,14.00,1.007622e-07,OUT,OUT,3.298250e+00,3.301540e+00,3.300000e+00,3.298250e+00,3.301540e+00,3.300000e+00,6.576820e-01,6.628960e-01,6.618690e-01
mos_tt_res_bcs_cap_typ_125c_3.3v_24p4MHz,16.00,1.151568e-07,OUT,OUT,3.298250e+00,3.301540e+00,3.300000e+00,3.298250e+00,3.301540e+00,3.300000e+00,6.576820e-01,6.628960e-01,6.618630e-01
mos_tt_res_bcs_cap_typ_125c_3.3v_24p4MHz,18.00,1.295514e-07,OUT,OUT,3.298250e+00,3.301540e+00,3.300000e+00,3.298250e+00,3.301540e+00,3.300000e+00,6.576850e-01,6.628990e-01,6.618740e-01
mos_tt_res_bcs_cap_typ_125c_3.3v_24p4MHz,20.00,1.439460e-07,OUT,OUT,3.298250e+00,3.301540e+00,3.300000e+00,3.298250e+00,3.301540e+00,3.300000e+00,6.576860e-01,6.628990e-01,6.618720e-01
mos_tt_res_bcs_cap_typ_125c_3.3v_24p4MHz,22.00,1.583406e-07,OUT,OUT,3.298250e+00,3.301540e+00,3.300000e+00,3.298250e+00,3.301540e+00,3.300000e+00,6.576850e-01,6.628990e-01,6.618710e-01
mos_tt_res_bcs_cap_typ_125c_3.3v_24p4MHz,24.00,1.727352e-07,OUT,OUT,3.298250e+00,3.301540e+00,3.300000e+00,3.298250e+00,3.301540e+00,3.300000e+00,6.576880e-01,6.629020e-01,6.618740e-01
mos_tt_res_wcs_cap_typ_-40c_3.3v_24p4MHz,0.50,2.645360e-09,IN,IN,8.248520e-07,9.244300e-07,8.689840e-07,-4.332030e-08,5.151330e-08,6.288980e-10,3.229020e+00,3.229790e+00,3.229400e+00
mos_tt_res_wcs_cap_typ_-40c_3.3v_24p4MHz,1.00,5.290720e-09,IN,IN,-7.474490e-04,6.664400e-04,8.166190e-07,-7.471260e-04,6.623660e-04,-5.791160e-08,3.095570e+00,3.098980e+00,3.096290e+00
mos_tt_res_wcs_cap_typ_-40c_3.3v_24p4MHz,1.25,6.613400e-09,IN,IN,-1.536740e-03,7.916650e-05,1.882000e-07,-1.305870e-03,6.511320e-05,-2.123850e-07,2.555110e+00,2.559670e+00,2.557270e+00
mos_tt_res_wcs_cap_typ_-40c_3.3v_24p4MHz,1.50,7.936080e-09,OUT,IN,3.297700e+00,3.300260e+00,3.300000e+00,-1.280240e-03,6.830140e-04,5.475480e-07,1.417460e+00,1.427580e+00,1.422390e+00
mos_tt_res_wcs_cap_typ_-40c_3.3v_24p4MHz,1.75,9.258760e-09,OUT,OUT,3.297710e+00,3.300370e+00,3.300000e+00,3.297710e+00,3.300370e+00,3.300000e+00,1.080090e+00,1.091990e+00,1.085770e+00
mos_tt_res_wcs_cap_typ_-40c_3.3v_24p4MHz,2.00,1.058144e-08,OUT,OUT,3.297680e+00,3.300490e+00,3.300000e+00,3.297680e+00,3.300490e+00,3.300000e+00,8.738310e-01,8.867360e-01,8.799210e-01
mos_tt_res_wcs_cap_typ_-40c_3.3v_24p4MHz,2.25,1.190412e-08,OUT,OUT,3.297670e+00,3.300600e+00,3.300000e+00,3.297670e+00,3.300600e+00,3.300000e+00,7.342390e-01,7.476890e-01,7.405660e-01
mos_tt_res_wcs_cap_typ_-40c_3.3v_24p4MHz,2.50,1.322680e-08,OUT,OUT,3.297720e+00,3.300710e+00,3.300000e+00,3.297720e+00,3.300710e+00,3.300000e+00,6.327950e-01,6.465250e-01,6.392900e-01
mos_tt_res_wcs_cap_typ_-40c_3.3v_24p4MHz,3.00,1.587216e-08,OUT,OUT,3.297820e+00,3.300830e+00,3.300000e+00,3.297820e+00,3.300830e+00,3.300000e+00,4.958780e-01,5.096380e-01,5.024670e-01
mos_tt_res_wcs_cap_typ_-40c_3.3v_24p4MHz,3.50,1.851752e-08,OUT,OUT,3.297850e+00,3.300890e+00,3.300000e+00,3.297850e+00,3.300890e+00,3.300000e+00,4.074240e-01,4.208020e-01,4.139710e-01
mos_tt_res_wcs_cap_typ_-40c_3.3v_24p4MHz,4.00,2.116288e-08,OUT,OUT,3.297880e+00,3.300950e+00,3.300000e+00,3.297880e+00,3.300950e+00,3.300000e+00,3.455720e-01,3.583640e-01,3.520200e-01
mos_tt_res_wcs_cap_typ_-40c_3.3v_24p4MHz,5.00,2.645360e-08,OUT,OUT,3.297900e+00,3.300870e+00,3.300000e+00,3.297900e+00,3.300870e+00,3.300000e+00,2.672980e-01,2.785990e-01,2.734230e-01
mos_tt_res_wcs_cap_typ_-40c_3.3v_24p4MHz,6.00,3.174432e-08,OUT,OUT,3.297920e+00,3.301220e+00,3.300000e+00,3.297920e+00,3.301220e+00,3.300000e+00,2.149080e-01,2.245930e-01,2.206140e-01
mos_tt_res_wcs_cap_typ_-40c_3.3v_24p4MHz,7.00,3.703504e-08,OUT,OUT,3.297940e+00,3.302350e+00,3.300000e+00,3.297940e+00,3.302350e+00,3.300000e+00,1.610410e-01,1.676570e-01,1.659220e-01
mos_tt_res_wcs_cap_typ_-40c_3.3v_24p4MHz,8.00,4.232576e-08,OUT,OUT,3.297940e+00,3.301870e+00,3.300000e+00,3.297940e+00,3.301870e+00,3.300000e+00,1.502180e-01,1.554890e-01,1.547820e-01
mos_tt_res_wcs_cap_typ_-40c_3.3v_24p4MHz,10.00,5.290720e-08,OUT,OUT,3.297940e+00,3.301870e+00,3.300000e+00,3.297940e+00,3.301870e+00,3.300000e+00,1.502180e-01,1.554890e-01,1.547800e-01
mos_tt_res_wcs_cap_typ_-40c_3.3v_24p4MHz,12.00,6.348864e-08,OUT,OUT,3.297940e+00,3.301870e+00,3.300000e+00,3.297940e+00,3.301870e+00,3.300000e+00,1.502180e-01,1.554890e-01,1.547770e-01
mos_tt_res_wcs_cap_typ_-40c_3.3v_24p4MHz,14.00,7.407008e-08,OUT,OUT,3.297940e+00,3.301870e+00,3.300000e+00,3.297940e+00,3.301870e+00,3.300000e+00,1.502180e-01,1.554890e-01,1.547730e-01
mos_tt_res_wcs_cap_typ_-40c_3.3v_24p4MHz,16.00,8.465152e-08,OUT,OUT,3.297940e+00,3.301870e+00,3.300000e+00,3.297940e+00,3.301870e+00,3.300000e+00,1.502180e-01,1.554890e-01,1.547820e-01
mos_tt_res_wcs_cap_typ_-40c_3.3v_24p4MHz,18.00,9.523296e-08,OUT,OUT,3.297940e+00,3.301870e+00,3.300000e+00,3.297940e+00,3.301870e+00,3.300000e+00,1.502180e-01,1.554890e-01,1.547790e-01
mos_tt_res_wcs_cap_typ_-40c_3.3v_24p4MHz,20.00,1.058144e-07,OUT,OUT,3.297940e+00,3.301870e+00,3.300000e+00,3.297940e+00,3.301870e+00,3.300000e+00,1.502180e-01,1.554890e-01,1.547770e-01
mos_tt_res_wcs_cap_typ_-40c_3.3v_24p4MHz,22.00,1.163958e-07,OUT,OUT,3.297940e+00,3.301870e+00,3.300000e+00,3.297940e+00,3.301870e+00,3.300000e+00,1.502180e-01,1.554890e-01,1.547740e-01
mos_tt_res_wcs_cap_typ_-40c_3.3v_24p4MHz,24.00,1.269773e-07,OUT,OUT,3.297940e+00,3.301870e+00,3.300000e+00,3.297940e+00,3.301870e+00,3.300000e+00,1.527860e-01,1.583330e-01,1.573120e-01
mos_ff_res_wcs_cap_typ_-40c_3.3v_24p4MHz,0.50,2.262110e-09,IN,IN,7.779220e-07,8.965740e-07,8.241310e-07,-2.576720e-08,8.829130e-08,2.023680e-08,3.228680e+00,3.229450e+00,3.229070e+00
mos_ff_res_wcs_cap_typ_-40c_3.3v_24p4MHz,1.00,4.524220e-09,IN,IN,-5.493020e-04,7.010750e-04,7.891700e-07,-5.540260e-04,6.961450e-04,-1.885380e-08,3.156720e+00,3.159960e+00,3.157270e+00
mos_ff_res_wcs_cap_typ_-40c_3.3v_24p4MHz,1.25,5.655275e-09,IN,IN,-1.620060e-03,6.621290e-04,-5.995940e-08,-1.670200e-03,6.149140e-04,1.484970e-07,2.237870e+00,2.244720e+00,2.240850e+00
mos_ff_res_wcs_cap_typ_-40c_3.3v_24p4MHz,1.50,6.786330e-09,OUT,IN,3.297530e+00,3.300250e+00,3.300000e+00,-1.351330e-03,8.139480e-04,2.782420e-07,1.660040e+00,1.669100e+00,1.664440e+00
mos_ff_res_wcs_cap_typ_-40c_3.3v_24p4MHz,1.75,7.917385e-09,OUT,IN,3.297510e+00,3.300290e+00,3.300000e+00,8.198810e-03,1.258630e-02,1.105480e-02,1.267720e+00,1.278810e+00,1.273030e+00
mos_ff_res_wcs_cap_typ_-40c_3.3v_24p4MHz,2.00,9.048440e-09,OUT,OUT,3.297500e+00,3.300430e+00,3.300000e+00,3.297500e+00,3.300430e+00,3.300000e+00,1.003790e+00,1.016450e+00,1.009720e+00
mos_ff_res_wcs_cap_typ_-40c_3.3v_24p4MHz,2.25,1.017950e-08,OUT,OUT,3.297460e+00,3.300560e+00,3.300000e+00,3.297460e+00,3.300560e+00,3.300000e+00,8.299400e-01,8.435660e-01,8.362210e-01
mos_ff_res_wcs_cap_typ_-40c_3.3v_24p4MHz,2.50,1.131055e-08,OUT,OUT,3.297450e+00,3.300670e+00,3.300000e+00,3.297450e+00,3.300670e+00,3.300000e+00,7.074750e-01,7.216690e-01,7.139730e-01
mos_ff_res_wcs_cap_typ_-40c_3.3v_24p4MHz,3.00,1.357266e-08,OUT,OUT,3.297560e+00,3.300960e+00,3.300000e+00,3.297560e+00,3.300960e+00,3.300000e+00,5.413840e-01,5.561580e-01,5.481280e-01
mos_ff_res_wcs_cap_typ_-40c_3.3v_24p4MHz,3.50,1.583477e-08,OUT,OUT,3.297630e+00,3.301050e+00,3.300000e+00,3.297630e+00,3.301050e+00,3.300000e+00,4.409440e-01,4.556320e-01,4.477280e-01
mos_ff_res_wcs_cap_typ_-40c_3.3v_24p4MHz,4.00,1.809688e-08,OUT,OUT,3.297660e+00,3.301110e+00,3.300000e+00,3.297660e+00,3.301110e+00,3.300000e+00,3.716740e-01,3.859950e-01,3.784330e-01
mos_ff_res_wcs_cap_typ_-40c_3.3v_24p4MHz,5.00,2.262110e-08,OUT,OUT,3.297700e+00,3.301190e+00,3.300000e+00,3.297700e+00,3.301190e+00,3.300000e+00,2.825640e-01,2.957130e-01,2.891250e-01
mos_ff_res_wcs_cap_typ_-40c_3.3v_24p4MHz,6.00,2.714532e-08,OUT,OUT,3.297720e+00,3.301240e+00,3.300000e+00,3.297720e+00,3.301240e+00,3.300000e+00,2.283150e-01,2.400020e-01,2.345860e-01
mos_ff_res_wcs_cap_typ_-40c_3.3v_24p4MHz,7.00,3.166954e-08,OUT,OUT,3.297730e+00,3.301190e+00,3.300000e+00,3.297730e+00,3.301190e+00,3.300000e+00,1.924650e-01,2.025950e-01,1.984190e-01
mos_ff_res_wcs_cap_typ_-40c_3.3v_24p4MHz,8.00,3.619376e-08,OUT,OUT,3.297750e+00,3.302050e+00,3.300000e+00,3.297750e+00,3.302050e+00,3.300000e+00,1.488260e-01,1.561630e-01,1.541040e-01
mos_ff_res_wcs_cap_typ_-40c_3.3v_24p4MHz,10.00,4.524220e-08,OUT,OUT,3.297750e+00,3.302210e+00,3.300000e+00,3.297750e+00,3.302210e+00,3.300000e+00,1.331550e-01,1.391060e-01,1.380050e-01
mos_ff_res_wcs_cap_typ_-40c_3.3v_24p4MHz,12.00,5.429064e-08,OUT,OUT,3.297750e+00,3.302210e+00,3.300000e+00,3.297750e+00,3.302210e+00,3.300000e+00,1.331550e-01,1.391060e-01,1.380030e-01
mos_ff_res_wcs_cap_typ_-40c_3.3v_24p4MHz,14.00,6.333908e-08,OUT,OUT,3.297750e+00,3.302210e+00,3.300000e+00,3.297750e+00,3.302210e+00,3.300000e+00,1.331550e-01,1.391060e-01,1.380000e-01
mos_ff_res_wcs_cap_typ_-40c_3.3v_24p4MHz,16.00,7.238752e-08,OUT,OUT,3.297750e+00,3.302210e+00,3.300000e+00,3.297750e+00,3.302210e+00,3.300000e+00,1.331550e-01,1.391060e-01,1.379970e-01
mos_ff_res_wcs_cap_typ_-40c_3.3v_24p4MHz,18.00,8.143596e-08,OUT,OUT,3.297750e+00,3.302210e+00,3.300000e+00,3.297750e+00,3.302210e+00,3.300000e+00,1.331460e-01,1.390880e-01,1.379980e-01
mos_ff_res_wcs_cap_typ_-40c_3.3v_24p4MHz,20.00,9.048440e-08,OUT,OUT,3.297750e+00,3.302210e+00,3.300000e+00,3.297750e+00,3.302210e+00,3.300000e+00,1.331550e-01,1.391060e-01,1.380040e-01
mos_ff_res_wcs_cap_typ_-40c_3.3v_24p4MHz,22.00,9.953284e-08,OUT,OUT,3.297750e+00,3.302210e+00,3.300000e+00,3.297750e+00,3.302210e+00,3.300000e+00,1.331550e-01,1.391060e-01,1.380020e-01
mos_ff_res_wcs_cap_typ_-40c_3.3v_24p4MHz,24.00,1.085813e-07,OUT,OUT,3.297710e+00,3.302130e+00,3.300000e+00,3.297710e+00,3.302130e+00,3.300000e+00,1.331300e-01,1.387080e-01,1.379810e-01
mos_ss_res_bcs_cap_typ_125c_3.3v_24p4MHz,0.50,4.258355e-09,IN,IN,4.742750e-06,4.910320e-06,4.805490e-06,3.214290e-07,4.189740e-07,3.676900e-07,3.227850e+00,3.229770e+00,3.228820e+00
mos_ss_res_bcs_cap_typ_125c_3.3v_24p4MHz,1.00,8.516710e-09,IN,IN,4.504840e-06,5.241990e-06,4.805460e-06,7.904710e-08,7.529000e-07,3.676880e-07,3.227850e+00,3.229770e+00,3.228820e+00
mos_ss_res_bcs_cap_typ_125c_3.3v_24p4MHz,1.25,1.064589e-08,IN,IN,-1.056870e-03,1.811790e-04,4.932550e-06,-1.054600e-03,1.747050e-04,4.911320e-07,3.007230e+00,3.011970e+00,3.009470e+00
mos_ss_res_bcs_cap_typ_125c_3.3v_24p4MHz,1.50,1.277506e-08,IN,IN,-1.325870e-03,2.426530e-04,1.422920e-06,-1.259130e-03,2.393580e-04,-1.063380e-06,2.699600e+00,2.708060e+00,2.703550e+00
mos_ss_res_bcs_cap_typ_125c_3.3v_24p4MHz,1.75,1.490424e-08,IN,IN,-1.275930e-03,4.710830e-04,4.559960e-07,-1.287780e-03,4.543780e-04,4.355570e-07,2.437870e+00,2.448880e+00,2.443190e+00
mos_ss_res_bcs_cap_typ_125c_3.3v_24p4MHz,2.00,1.703342e-08,IN,IN,-1.243740e-03,5.260440e-04,2.180650e-07,-1.252050e-03,5.197430e-04,7.521910e-07,2.194760e+00,2.207800e+00,2.201160e+00
mos_ss_res_bcs_cap_typ_125c_3.3v_24p4MHz,2.25,1.916260e-08,OUT,IN,3.266730e+00,3.274740e+00,3.271260e+00,-1.218160e-03,5.279340e-04,1.056630e-06,1.983160e+00,1.997520e+00,1.990290e+00
mos_ss_res_bcs_cap_typ_125c_3.3v_24p4MHz,2.50,2.129178e-08,OUT,IN,3.298040e+00,3.300880e+00,3.300000e+00,-1.191850e-03,5.121050e-04,1.220230e-06,1.779310e+00,1.794820e+00,1.787050e+00
mos_ss_res_bcs_cap_typ_125c_3.3v_24p4MHz,3.00,2.555013e-08,OUT,IN,3.298340e+00,3.300920e+00,3.300000e+00,2.302440e-03,4.482240e-03,3.458350e-03,1.349620e+00,1.365830e+00,1.357980e+00
mos_ss_res_bcs_cap_typ_125c_3.3v_24p4MHz,3.50,2.980848e-08,OUT,OUT,3.298380e+00,3.300990e+00,3.300000e+00,3.298380e+00,3.300990e+00,3.300000e+00,1.028750e+00,1.042170e+00,1.036260e+00
mos_ss_res_bcs_cap_typ_125c_3.3v_24p4MHz,4.00,3.406684e-08,OUT,OUT,3.298370e+00,3.301840e+00,3.300000e+00,3.298370e+00,3.301840e+00,3.300000e+00,8.175150e-01,8.267320e-01,8.231790e-01
mos_ss_res_bcs_cap_typ_125c_3.3v_24p4MHz,5.00,4.258355e-08,OUT,OUT,3.298370e+00,3.301410e+00,3.300000e+00,3.298370e+00,3.301410e+00,3.300000e+00,7.090430e-01,7.140000e-01,7.129770e-01
mos_ss_res_bcs_cap_typ_125c_3.3v_24p4MHz,6.00,5.110026e-08,OUT,OUT,3.298370e+00,3.301410e+00,3.300000e+00,3.298370e+00,3.301410e+00,3.300000e+00,7.090430e-01,7.140000e-01,7.129750e-01
mos_ss_res_bcs_cap_typ_125c_3.3v_24p4MHz,7.00,5.961697e-08,OUT,OUT,3.298370e+00,3.301410e+00,3.300000e+00,3.298370e+00,3.301410e+00,3.300000e+00,7.090430e-01,7.140000e-01,7.129740e-01
mos_ss_res_bcs_cap_typ_125c_3.3v_24p4MHz,8.00,6.813368e-08,OUT,OUT,3.298370e+00,3.301410e+00,3.300000e+00,3.298370e+00,3.301410e+00,3.300000e+00,7.090430e-01,7.140000e-01,7.129720e-01
mos_ss_res_bcs_cap_typ_125c_3.3v_24p4MHz,10.00,8.516710e-08,OUT,OUT,3.298370e+00,3.301410e+00,3.300000e+00,3.298370e+00,3.301410e+00,3.300000e+00,7.090360e-01,7.139930e-01,7.129730e-01
mos_ss_res_bcs_cap_typ_125c_3.3v_24p4MHz,12.00,1.022005e-07,OUT,OUT,3.298370e+00,3.301410e+00,3.300000e+00,3.298370e+00,3.301410e+00,3.300000e+00,7.090360e-01,7.139930e-01,7.129670e-01
mos_ss_res_bcs_cap_typ_125c_3.3v_24p4MHz,14.00,1.192339e-07,OUT,OUT,3.298370e+00,3.301410e+00,3.300000e+00,3.298370e+00,3.301410e+00,3.300000e+00,7.090360e-01,7.139930e-01,7.129650e-01
mos_ss_res_bcs_cap_typ_125c_3.3v_24p4MHz,16.00,1.362674e-07,OUT,OUT,3.298370e+00,3.301390e+00,3.300000e+00,3.298370e+00,3.301390e+00,3.300000e+00,7.221910e-01,7.277880e-01,7.262690e-01
mos_ss_res_bcs_cap_typ_125c_3.3v_24p4MHz,18.00,1.533008e-07,OUT,OUT,3.298370e+00,3.301410e+00,3.300000e+00,3.298370e+00,3.301410e+00,3.300000e+00,7.090360e-01,7.139920e-01,7.129650e-01
mos_ss_res_bcs_cap_typ_125c_3.3v_24p4MHz,20.00,1.703342e-07,OUT,OUT,3.298370e+00,3.301410e+00,3.300000e+00,3.298370e+00,3.301410e+00,3.300000e+00,7.090330e-01,7.139900e-01,7.129680e-01
mos_ss_res_bcs_cap_typ_125c_3.3v_24p4MHz,22.00,1.873676e-07,OUT,OUT,3.298370e+00,3.301410e+00,3.300000e+00,3.298370e+00,3.301410e+00,3.300000e+00,7.090330e-01,7.139900e-01,7.129640e-01
mos_ss_res_bcs_cap_typ_125c_3.3v_24p4MHz,24.00,2.044010e-07,OUT,OUT,3.298370e+00,3.301410e+00,3.300000e+00,3.298370e+00,3.301410e+00,3.300000e+00,7.090310e-01,7.139880e-01,7.129630e-01
mos_tt_res_typ_cap_typ_27c_3.63v_24p4MHz,0.50,2.756085e-09,IN,IN,1.786590e-06,1.891700e-06,1.828940e-06,-2.970660e-08,6.049020e-08,1.249510e-08,3.551690e+00,3.552940e+00,3.552320e+00
mos_tt_res_typ_cap_typ_27c_3.63v_24p4MHz,1.00,5.512170e-09,IN,IN,-2.923730e-05,9.673010e-05,1.828020e-06,-3.135990e-05,9.480400e-05,1.158520e-08,3.551310e+00,3.552560e+00,3.551940e+00
mos_tt_res_typ_cap_typ_27c_3.63v_24p4MHz,1.25,6.890212e-09,IN,IN,-1.403100e-03,1.330450e-04,1.409060e-06,-1.375630e-03,1.284770e-04,-2.631550e-07,3.093610e+00,3.098770e+00,3.095960e+00
mos_tt_res_typ_cap_typ_27c_3.63v_24p4MHz,1.50,8.268255e-09,IN,IN,-1.742700e-03,5.949420e-04,-2.050950e-07,-1.802930e-03,5.330020e-04,6.224370e-08,2.652980e+00,2.661550e+00,2.656960e+00
mos_tt_res_typ_cap_typ_27c_3.63v_24p4MHz,1.75,9.646297e-09,IN,IN,-1.455230e-03,7.287750e-04,-2.568790e-07,-1.465580e-03,7.136570e-04,1.983690e-07,2.237330e+00,2.248350e+00,2.242750e+00
mos_tt_res_typ_cap_typ_27c_3.63v_24p4MHz,2.00,1.102434e-08,OUT,IN,3.627420e+00,3.630450e+00,3.630000e+00,-1.472690e-03,6.820370e-04,1.550490e-07,1.843810e+00,1.857430e+00,1.850480e+00
mos_tt_res_typ_cap_typ_27c_3.63v_24p4MHz,2.25,1.240238e-08,OUT,IN,3.627580e+00,3.630520e+00,3.630000e+00,-1.506260e-03,6.672610e-04,1.051260e-04,1.544750e+00,1.560260e+00,1.552270e+00
mos_tt_res_typ_cap_typ_27c_3.63v_24p4MHz,2.50,1.378042e-08,OUT,IN,3.627640e+00,3.630600e+00,3.630000e+00,7.811590e-02,9.797560e-02,8.867820e-02,1.321650e+00,1.338430e+00,1.329750e+00
mos_tt_res_typ_cap_typ_27c_3.63v_24p4MHz,3.00,1.653651e-08,OUT,OUT,3.627630e+00,3.630760e+00,3.630000e+00,3.627630e+00,3.630760e+00,3.630000e+00,1.023940e+00,1.041910e+00,1.032620e+00
mos_tt_res_typ_cap_typ_27c_3.63v_24p4MHz,3.50,1.929259e-08,OUT,OUT,3.627580e+00,3.630890e+00,3.630000e+00,3.627580e+00,3.630890e+00,3.630000e+00,8.353130e-01,8.534000e-01,8.441320e-01
mos_tt_res_typ_cap_typ_27c_3.63v_24p4MHz,4.00,2.204868e-08,OUT,OUT,3.627570e+00,3.631020e+00,3.630000e+00,3.627570e+00,3.631020e+00,3.630000e+00,7.025950e-01,7.201800e-01,7.113190e-01
mos_tt_res_typ_cap_typ_27c_3.63v_24p4MHz,5.00,2.756085e-08,OUT,OUT,3.627700e+00,3.631210e+00,3.630000e+00,3.627700e+00,3.631210e+00,3.630000e+00,5.297540e-01,5.452550e-01,5.378950e-01
mos_tt_res_typ_cap_typ_27c_3.63v_24p4MHz,6.00,3.307302e-08,OUT,OUT,3.627770e+00,3.631720e+00,3.630000e+00,3.627770e+00,3.631720e+00,3.630000e+00,3.914180e-01,4.027490e-01,3.982610e-01
mos_tt_res_typ_cap_typ_27c_3.63v_24p4MHz,7.00,3.858519e-08,OUT,OUT,3.627790e+00,3.632440e+00,3.630000e+00,3.627790e+00,3.632440e+00,3.630000e+00,3.100900e-01,3.168500e-01,3.153920e-01
mos_tt_res_typ_cap_typ_27c_3.63v_24p4MHz,8.00,4.409736e-08,OUT,OUT,3.627790e+00,3.632120e+00,3.630000e+00,3.627790e+00,3.632120e+00,3.630000e+00,3.017790e-01,3.080200e-01,3.068650e-01
mos_tt_res_typ_cap_typ_27c_3.63v_24p4MHz,10.00,5.512170e-08,OUT,OUT,3.627790e+00,3.632120e+00,3.630000e+00,3.627790e+00,3.632120e+00,3.630000e+00,3.017790e-01,3.080200e-01,3.068640e-01
mos_tt_res_typ_cap_typ_27c_3.63v_24p4MHz,12.00,6.614604e-08,OUT,OUT,3.627790e+00,3.632120e+00,3.630000e+00,3.627790e+00,3.632120e+00,3.630000e+00,3.017790e-01,3.080200e-01,3.068620e-01
mos_tt_res_typ_cap_typ_27c_3.63v_24p4MHz,14.00,7.717038e-08,OUT,OUT,3.627790e+00,3.632120e+00,3.630000e+00,3.627790e+00,3.632120e+00,3.630000e+00,3.017790e-01,3.080200e-01,3.068620e-01
mos_tt_res_typ_cap_typ_27c_3.63v_24p4MHz,16.00,8.819472e-08,OUT,OUT,3.627800e+00,3.632090e+00,3.630010e+00,3.627800e+00,3.632090e+00,3.630010e+00,3.124030e-01,3.186690e-01,3.171550e-01
mos_tt_res_typ_cap_typ_27c_3.63v_24p4MHz,18.00,9.921906e-08,OUT,OUT,3.627790e+00,3.632120e+00,3.630000e+00,3.627790e+00,3.632120e+00,3.630000e+00,3.017790e-01,3.080200e-01,3.068630e-01
mos_tt_res_typ_cap_typ_27c_3.63v_24p4MHz,20.00,1.102434e-07,OUT,OUT,3.627790e+00,3.632120e+00,3.630000e+00,3.627790e+00,3.632120e+00,3.630000e+00,3.017790e-01,3.080200e-01,3.068620e-01
mos_tt_res_typ_cap_typ_27c_3.63v_24p4MHz,22.00,1.212677e-07,OUT,OUT,3.627790e+00,3.632120e+00,3.630000e+00,3.627790e+00,3.632120e+00,3.630000e+00,3.017790e-01,3.080200e-01,3.068670e-01
mos_tt_res_typ_cap_typ_27c_3.63v_24p4MHz,24.00,1.322921e-07,OUT,OUT,3.627790e+00,3.632120e+00,3.630000e+00,3.627790e+00,3.632120e+00,3.630000e+00,3.017790e-01,3.080200e-01,3.068660e-01
mos_tt_res_typ_cap_bcs_27c_3.3v_3p5MHz,0.50,2.724985e-09,IN,IN,1.833350e-06,2.130590e-06,1.955510e-06,-3.776940e-08,6.045830e-08,5.826890e-09,3.223190e+00,3.232160e+00,3.227770e+00
mos_tt_res_typ_cap_bcs_27c_3.3v_3p5MHz,1.00,5.449970e-09,IN,IN,-5.760610e-04,7.866510e-04,1.843680e-06,-5.824830e-04,7.813960e-04,-1.053290e-07,3.221410e+00,3.230120e+00,3.225820e+00
mos_tt_res_typ_cap_bcs_27c_3.3v_3p5MHz,1.25,6.812463e-09,IN,IN,-1.294230e-03,6.146940e-05,1.670320e-06,-1.291610e-03,5.882870e-05,-2.823360e-07,3.169160e+00,3.180550e+00,3.174960e+00
mos_tt_res_typ_cap_bcs_27c_3.3v_3p5MHz,1.50,8.174955e-09,IN,IN,-1.165660e-03,6.766170e-05,1.876860e-06,-1.161340e-03,6.489260e-05,-8.475290e-08,3.084080e+00,3.100810e+00,3.092620e+00
mos_tt_res_typ_cap_bcs_27c_3.3v_3p5MHz,1.75,9.537448e-09,IN,IN,-1.356700e-03,5.871920e-05,1.942110e-06,-1.351800e-03,5.581430e-05,-2.082110e-08,3.024520e+00,3.046110e+00,3.035570e+00
mos_tt_res_typ_cap_bcs_27c_3.3v_3p5MHz,2.00,1.089994e-08,IN,IN,-1.350830e-03,1.008270e-05,2.673700e-06,-1.345780e-03,8.027780e-06,7.083030e-07,2.981130e+00,3.006200e+00,2.993940e+00
mos_tt_res_typ_cap_bcs_27c_3.3v_3p5MHz,2.25,1.226243e-08,IN,IN,-1.342420e-03,1.220570e-05,2.009470e-06,-1.335940e-03,9.885980e-06,7.136740e-08,2.916740e+00,2.943150e+00,2.930280e+00
mos_tt_res_typ_cap_bcs_27c_3.3v_3p5MHz,2.50,1.362493e-08,IN,IN,-1.366680e-03,1.429970e-05,1.982860e-06,-1.358620e-03,1.171660e-05,1.318470e-07,2.860580e+00,2.889700e+00,2.875520e+00
mos_tt_res_typ_cap_bcs_27c_3.3v_3p5MHz,3.00,1.634991e-08,IN,IN,-1.259820e-03,8.435850e-05,1.639650e-06,-1.242610e-03,8.085390e-05,-1.901460e-07,2.734300e+00,2.771500e+00,2.753410e+00
mos_tt_res_typ_cap_bcs_27c_3.3v_3p5MHz,3.50,1.907490e-08,IN,IN,-1.292610e-03,3.139960e-04,1.006740e-06,-1.285300e-03,1.124690e-04,-1.738960e-07,2.626320e+00,2.667630e+00,2.647570e+00
mos_tt_res_typ_cap_bcs_27c_3.3v_3p5MHz,4.00,2.179988e-08,IN,IN,-1.309750e-03,5.233450e-04,3.036370e-07,-1.287770e-03,4.273350e-04,4.949480e-09,2.516060e+00,2.562750e+00,2.540100e+00
mos_tt_res_typ_cap_bcs_27c_3.3v_3p5MHz,5.00,2.724985e-08,IN,IN,-1.273620e-03,6.413540e-04,-2.343410e-07,-1.287260e-03,6.236710e-04,5.182860e-08,2.290370e+00,2.349490e+00,2.320850e+00
mos_tt_res_typ_cap_bcs_27c_3.3v_3p5MHz,6.00,3.269982e-08,IN,IN,-1.215630e-03,6.692380e-04,-2.769570e-07,-1.229300e-03,6.658770e-04,1.402490e-07,2.068950e+00,2.136540e+00,2.103870e+00
mos_tt_res_typ_cap_bcs_27c_3.3v_3p5MHz,7.00,3.814979e-08,OUT,IN,3.296650e+00,3.300250e+00,3.299580e+00,-1.226710e-03,6.713610e-04,1.888350e-07,1.861880e+00,1.938560e+00,1.901580e+00
mos_tt_res_typ_cap_bcs_27c_3.3v_3p5MHz,8.00,4.359976e-08,OUT,IN,3.297500e+00,3.300330e+00,3.300000e+00,-1.205830e-03,6.826570e-04,2.080250e-07,1.676570e+00,1.760970e+00,1.719520e+00
mos_tt_res_typ_cap_bcs_27c_3.3v_3p5MHz,10.00,5.449970e-08,OUT,IN,3.297780e+00,3.300370e+00,3.300000e+00,-1.181780e-03,7.022260e-04,3.860050e-05,1.373070e+00,1.469440e+00,1.421550e+00
mos_tt_res_typ_cap_bcs_27c_3.3v_3p5MHz,12.00,6.539964e-08,OUT,OUT,3.297840e+00,3.300510e+00,3.300000e+00,3.297840e+00,3.300510e+00,3.300000e+00,1.147470e+00,1.250840e+00,1.199350e+00
mos_tt_res_typ_cap_bcs_27c_3.3v_3p5MHz,14.00,7.629958e-08,OUT,OUT,3.297880e+00,3.300580e+00,3.300000e+00,3.297880e+00,3.300580e+00,3.300000e+00,9.864970e-01,1.092850e+00,1.039700e+00
mos_tt_res_typ_cap_bcs_27c_3.3v_3p5MHz,16.00,8.719952e-08,OUT,OUT,3.297880e+00,3.300630e+00,3.300000e+00,3.297880e+00,3.300630e+00,3.300000e+00,8.697730e-01,9.763030e-01,9.229320e-01
mos_tt_res_typ_cap_bcs_27c_3.3v_3p5MHz,18.00,9.809946e-08,OUT,OUT,3.297880e+00,3.300700e+00,3.300000e+00,3.297880e+00,3.300700e+00,3.300000e+00,7.730250e-01,8.781400e-01,8.253620e-01
mos_tt_res_typ_cap_bcs_27c_3.3v_3p5MHz,20.00,1.089994e-07,OUT,OUT,3.297880e+00,3.300800e+00,3.300000e+00,3.297880e+00,3.300800e+00,3.300000e+00,6.940610e-01,7.968490e-01,7.452710e-01
mos_tt_res_typ_cap_bcs_27c_3.3v_3p5MHz,22.00,1.198993e-07,OUT,OUT,3.297910e+00,3.300990e+00,3.300000e+00,3.297910e+00,3.300990e+00,3.300000e+00,6.293750e-01,7.289360e-01,6.790210e-01
mos_tt_res_typ_cap_bcs_27c_3.3v_3p5MHz,24.00,1.307993e-07,OUT,OUT,3.297910e+00,3.300950e+00,3.300000e+00,3.297910e+00,3.300950e+00,3.300000e+00,5.778520e-01,6.734390e-01,6.254020e-01
mos_tt_res_typ_cap_wcs_27c_3.3v_3p5MHz,0.50,3.302130e-09,IN,IN,1.540920e-06,1.757720e-06,1.625100e-06,-3.716410e-08,5.261890e-08,5.826680e-09,3.223390e+00,3.230840e+00,3.227180e+00
mos_tt_res_typ_cap_wcs_27c_3.3v_3p5MHz,1.00,6.604260e-09,IN,IN,-4.542400e-05,1.675270e-04,1.711610e-06,-4.779220e-05,1.656930e-04,9.157500e-08,3.219210e+00,3.227050e+00,3.223200e+00
mos_tt_res_typ_cap_wcs_27c_3.3v_3p5MHz,1.25,8.255325e-09,IN,IN,-1.054820e-03,5.199530e-05,1.584780e-06,-1.052340e-03,4.967090e-05,-3.927360e-08,3.159760e+00,3.170070e+00,3.164990e+00
mos_tt_res_typ_cap_wcs_27c_3.3v_3p5MHz,1.50,9.906390e-09,IN,IN,-1.097380e-03,7.468760e-05,1.881140e-06,-1.092870e-03,7.207080e-05,2.503950e-07,3.076890e+00,3.091750e+00,3.084450e+00
mos_tt_res_typ_cap_wcs_27c_3.3v_3p5MHz,1.75,1.155745e-08,IN,IN,-1.089240e-03,7.287800e-06,1.905790e-06,-1.084800e-03,5.475190e-06,2.787480e-07,3.021770e+00,3.039230e+00,3.030680e+00
mos_tt_res_typ_cap_wcs_27c_3.3v_3p5MHz,2.00,1.320852e-08,IN,IN,-1.086880e-03,8.900950e-06,1.889690e-06,-1.082300e-03,7.059120e-06,2.755320e-07,2.959070e+00,2.979380e+00,2.969460e+00
mos_tt_res_typ_cap_wcs_27c_3.3v_3p5MHz,2.25,1.485959e-08,IN,IN,-1.100400e-03,1.094650e-05,1.898890e-06,-1.094380e-03,9.000660e-06,3.398580e-07,2.886840e+00,2.910460e+00,2.898950e+00
mos_tt_res_typ_cap_wcs_27c_3.3v_3p5MHz,2.50,1.651065e-08,IN,IN,-1.110460e-03,1.427700e-05,1.861590e-06,-1.101760e-03,1.095840e-05,2.381390e-07,2.816560e+00,2.843270e+00,2.830280e+00
mos_tt_res_typ_cap_wcs_27c_3.3v_3p5MHz,3.00,1.981278e-08,IN,IN,-1.136830e-03,1.164250e-04,1.285250e-06,-1.112200e-03,2.834750e-05,-1.267240e-08,2.684930e+00,2.716850e+00,2.701390e+00
mos_tt_res_typ_cap_wcs_27c_3.3v_3p5MHz,3.50,2.311491e-08,IN,IN,-1.166130e-03,4.084520e-04,3.408910e-07,-1.141490e-03,3.142300e-04,9.278460e-08,2.536820e+00,2.575310e+00,2.556680e+00
mos_tt_res_typ_cap_wcs_27c_3.3v_3p5MHz,4.00,2.641704e-08,IN,IN,-1.199860e-03,4.965180e-04,-5.641850e-08,-1.197060e-03,4.645990e-04,3.625850e-08,2.407300e+00,2.450550e+00,2.429690e+00
mos_tt_res_typ_cap_wcs_27c_3.3v_3p5MHz,5.00,3.302130e-08,IN,IN,-1.164290e-03,5.498820e-04,-2.592810e-07,-1.175440e-03,5.427030e-04,6.643200e-08,2.133390e+00,2.187360e+00,2.161390e+00
mos_tt_res_typ_cap_wcs_27c_3.3v_3p5MHz,6.00,3.962556e-08,OUT,IN,3.296430e+00,3.300160e+00,3.299310e+00,-1.099080e-03,5.563980e-04,1.092470e-07,1.881300e+00,1.943660e+00,1.913790e+00
mos_tt_res_typ_cap_wcs_27c_3.3v_3p5MHz,7.00,4.622982e-08,OUT,IN,3.297870e+00,3.300200e+00,3.300000e+00,-1.105660e-03,5.508460e-04,1.133030e-07,1.656690e+00,1.727000e+00,1.692990e+00
mos_tt_res_typ_cap_wcs_27c_3.3v_3p5MHz,8.00,5.283408e-08,OUT,IN,3.297950e+00,3.300980e+00,3.300000e+00,-1.436220e-03,7.418510e-04,6.196390e-07,1.451040e+00,1.530290e+00,1.490210e+00
mos_tt_res_typ_cap_wcs_27c_3.3v_3p5MHz,10.00,6.604260e-08,OUT,IN,3.298110e+00,3.300220e+00,3.300000e+00,1.703430e-02,1.019180e-01,4.898890e-02,1.181390e+00,1.265670e+00,1.224120e+00
mos_tt_res_typ_cap_wcs_27c_3.3v_3p5MHz,12.00,7.925112e-08,OUT,OUT,3.298110e+00,3.300300e+00,3.300000e+00,3.298110e+00,3.300300e+00,3.300000e+00,9.866800e-01,1.073900e+00,1.030630e+00
mos_tt_res_typ_cap_wcs_27c_3.3v_3p5MHz,14.00,9.245964e-08,OUT,OUT,3.298090e+00,3.300380e+00,3.300000e+00,3.298090e+00,3.300380e+00,3.300000e+00,8.455310e-01,9.328700e-01,8.893620e-01
mos_tt_res_typ_cap_wcs_27c_3.3v_3p5MHz,16.00,1.056682e-07,OUT,OUT,3.298110e+00,3.301510e+00,3.300000e+00,3.298110e+00,3.301510e+00,3.300000e+00,7.335980e-01,8.202510e-01,7.763110e-01
mos_tt_res_typ_cap_wcs_27c_3.3v_3p5MHz,18.00,1.188767e-07,OUT,OUT,3.298080e+00,3.300500e+00,3.300000e+00,3.298080e+00,3.300500e+00,3.300000e+00,6.565080e-01,7.391200e-01,6.977360e-01
mos_tt_res_typ_cap_wcs_27c_3.3v_3p5MHz,20.00,1.320852e-07,OUT,OUT,3.298120e+00,3.300560e+00,3.300000e+00,3.298120e+00,3.300560e+00,3.300000e+00,5.904310e-01,6.691570e-01,6.296500e-01
mos_tt_res_typ_cap_wcs_27c_3.3v_3p5MHz,22.00,1.452937e-07,OUT,OUT,3.298160e+00,3.300620e+00,3.300000e+00,3.298160e+00,3.300620e+00,3.300000e+00,5.368030e-01,6.109750e-01,5.737030e-01
mos_tt_res_typ_cap_wcs_27c_3.3v_3p5MHz,24.00,1.585022e-07,OUT,OUT,3.298200e+00,3.300670e+00,3.300000e+00,3.298200e+00,3.300670e+00,3.300000e+00,4.926140e-01,5.617160e-01,5.269600e-01
mos_tt_res_typ_cap_typ_27c_2.97v_3p5MHz,0.50,3.355385e-09,IN,IN,1.553140e-06,1.795620e-06,1.645120e-06,-5.007660e-08,5.699430e-08,2.430550e-09,2.902990e+00,2.910100e+00,2.906610e+00
mos_tt_res_typ_cap_typ_27c_2.97v_3p5MHz,1.00,6.710770e-09,IN,IN,-5.114610e-06,2.311220e-05,1.647090e-06,-6.739120e-06,2.133600e-05,4.334850e-09,2.902910e+00,2.910030e+00,2.906530e+00
mos_tt_res_typ_cap_typ_27c_2.97v_3p5MHz,1.25,8.388463e-09,IN,IN,-9.968460e-04,9.567120e-05,1.875130e-06,-9.942180e-04,9.270970e-05,2.173060e-07,2.844260e+00,2.854800e+00,2.849600e+00
mos_tt_res_typ_cap_typ_27c_2.97v_3p5MHz,1.50,1.006616e-08,IN,IN,-1.017170e-03,4.401970e-05,1.390110e-06,-1.012740e-03,4.159550e-05,-2.750250e-07,2.758580e+00,2.772550e+00,2.765720e+00
mos_tt_res_typ_cap_typ_27c_2.97v_3p5MHz,1.75,1.174385e-08,IN,IN,-1.022610e-03,4.615840e-05,1.374090e-06,-1.017700e-03,4.365860e-05,-2.988620e-07,2.701690e+00,2.718500e+00,2.710310e+00
mos_tt_res_typ_cap_typ_27c_2.97v_3p5MHz,2.00,1.342154e-08,IN,IN,-1.029080e-03,4.835740e-05,1.329850e-06,-1.023700e-03,4.578830e-05,-3.441460e-07,2.645630e+00,2.665150e+00,2.655650e+00
mos_tt_res_typ_cap_typ_27c_2.97v_3p5MHz,2.25,1.509923e-08,IN,IN,-1.027930e-03,5.072230e-05,1.336990e-06,-1.022120e-03,4.810160e-05,-3.210520e-07,2.587850e+00,2.610240e+00,2.599350e+00
mos_tt_res_typ_cap_typ_27c_2.97v_3p5MHz,2.50,1.677693e-08,IN,IN,-1.032270e-03,5.271540e-05,1.090640e-06,-1.025570e-03,5.017230e-05,-4.948270e-07,2.539510e+00,2.563750e+00,2.552000e+00
mos_tt_res_typ_cap_typ_27c_2.97v_3p5MHz,3.00,2.013231e-08,IN,IN,-1.056230e-03,5.750630e-05,1.133170e-06,-1.045060e-03,5.487550e-05,-5.193830e-07,2.420950e+00,2.451050e+00,2.436470e+00
mos_tt_res_typ_cap_typ_27c_2.97v_3p5MHz,3.50,2.348770e-08,IN,IN,-1.072550e-03,2.414930e-04,7.718640e-07,-1.058340e-03,1.105010e-04,-3.719210e-07,2.304060e+00,2.339670e+00,2.322420e+00
mos_tt_res_typ_cap_typ_27c_2.97v_3p5MHz,4.00,2.684308e-08,IN,IN,-1.113670e-03,4.086760e-04,2.362420e-07,-1.089670e-03,3.395960e-04,-1.767150e-07,2.195650e+00,2.235770e+00,2.216370e+00
mos_tt_res_typ_cap_typ_27c_2.97v_3p5MHz,5.00,3.355385e-08,IN,IN,-1.118130e-03,5.079710e-04,-5.425410e-08,-1.125860e-03,4.949250e-04,1.353040e-07,1.977040e+00,2.026410e+00,2.002480e+00
mos_tt_res_typ_cap_typ_27c_2.97v_3p5MHz,6.00,4.026462e-08,OUT,IN,2.940890e+00,2.967690e+00,2.958360e+00,-1.091340e-03,5.261170e-04,3.027390e-07,1.773830e+00,1.830900e+00,1.802850e+00
mos_tt_res_typ_cap_typ_27c_2.97v_3p5MHz,7.00,4.697539e-08,OUT,IN,2.967820e+00,2.970380e+00,2.970000e+00,-1.041390e-03,5.318630e-04,3.180810e-07,1.567400e+00,1.633130e+00,1.600710e+00
mos_tt_res_typ_cap_typ_27c_2.97v_3p5MHz,8.00,5.368616e-08,OUT,IN,2.968030e+00,2.970380e+00,2.970000e+00,-1.025250e-03,5.234170e-04,4.037280e-07,1.397150e+00,1.468910e+00,1.433230e+00
mos_tt_res_typ_cap_typ_27c_2.97v_3p5MHz,10.00,6.710770e-08,OUT,IN,2.968180e+00,2.970430e+00,2.970000e+00,-7.735830e-05,9.314800e-03,2.939450e-03,1.129130e+00,1.209400e+00,1.169230e+00
mos_tt_res_typ_cap_typ_27c_2.97v_3p5MHz,12.00,8.052924e-08,OUT,OUT,2.968220e+00,2.970500e+00,2.970000e+00,2.968220e+00,2.970500e+00,2.970000e+00,9.410780e-01,1.024420e+00,9.826480e-01
mos_tt_res_typ_cap_typ_27c_2.97v_3p5MHz,14.00,9.395078e-08,OUT,OUT,2.968220e+00,2.970570e+00,2.970000e+00,2.968220e+00,2.970570e+00,2.970000e+00,8.063950e-01,8.900390e-01,8.480270e-01
mos_tt_res_typ_cap_typ_27c_2.97v_3p5MHz,16.00,1.073723e-07,OUT,OUT,2.968220e+00,2.970640e+00,2.970000e+00,2.968220e+00,2.970640e+00,2.970000e+00,7.049860e-01,7.870100e-01,7.457390e-01
mos_tt_res_typ_cap_typ_27c_2.97v_3p5MHz,18.00,1.207939e-07,OUT,OUT,2.968250e+00,2.970700e+00,2.970000e+00,2.968250e+00,2.970700e+00,2.970000e+00,6.263570e-01,7.055570e-01,6.656330e-01
mos_tt_res_typ_cap_typ_27c_2.97v_3p5MHz,20.00,1.342154e-07,OUT,OUT,2.968300e+00,2.970770e+00,2.970000e+00,2.968300e+00,2.970770e+00,2.970000e+00,5.630480e-01,6.381540e-01,6.002900e-01
mos_tt_res_typ_cap_typ_27c_2.97v_3p5MHz,22.00,1.476369e-07,OUT,OUT,2.968340e+00,2.970830e+00,2.970000e+00,2.968340e+00,2.970830e+00,2.970000e+00,5.120070e-01,5.825580e-01,5.469650e-01
mos_tt_res_typ_cap_typ_27c_2.97v_3p5MHz,24.00,1.610585e-07,OUT,OUT,2.968370e+00,2.970880e+00,2.970000e+00,2.968370e+00,2.970880e+00,2.970000e+00,4.698570e-01,5.353010e-01,5.022810e-01
mos_tt_res_typ_cap_typ_27c_3.63v_3p5MHz,0.50,2.756085e-09,IN,IN,1.725990e-06,1.982860e-06,1.829430e-06,-2.972570e-08,6.052820e-08,1.249430e-08,3.547850e+00,3.556570e+00,3.552300e+00
mos_tt_res_typ_cap_typ_27c_3.63v_3p5MHz,1.00,5.512170e-09,IN,IN,-2.924920e-05,9.707670e-05,1.884250e-06,-3.137300e-05,9.505320e-05,6.685370e-08,3.545390e+00,3.554360e+00,3.549960e+00
mos_tt_res_typ_cap_typ_27c_3.63v_3p5MHz,1.25,6.890212e-09,IN,IN,-1.362490e-03,1.157240e-04,2.021000e-06,-1.360830e-03,1.128600e-04,2.017820e-07,3.470440e+00,3.483590e+00,3.477120e+00
mos_tt_res_typ_cap_typ_27c_3.63v_3p5MHz,1.50,8.268255e-09,IN,IN,-1.419290e-03,5.459580e-05,2.130190e-06,-1.415770e-03,5.222850e-05,3.113250e-07,3.397290e+00,3.414500e+00,3.406060e+00
mos_tt_res_typ_cap_typ_27c_3.63v_3p5MHz,1.75,9.646297e-09,IN,IN,-1.425860e-03,5.645190e-05,2.092230e-06,-1.421970e-03,5.405430e-05,2.816160e-07,3.342810e+00,3.362730e+00,3.352980e+00
mos_tt_res_typ_cap_typ_27c_3.63v_3p5MHz,2.00,1.102434e-08,IN,IN,-1.414150e-03,6.127970e-05,2.248640e-06,-1.410120e-03,5.883310e-05,4.624840e-07,3.273040e+00,3.296890e+00,3.285230e+00
mos_tt_res_typ_cap_typ_27c_3.63v_3p5MHz,2.25,1.240238e-08,IN,IN,-1.416720e-03,6.866070e-05,2.122880e-06,-1.411200e-03,6.620330e-05,4.079820e-07,3.203070e+00,3.230210e+00,3.216970e+00
mos_tt_res_typ_cap_typ_27c_3.63v_3p5MHz,2.50,1.378042e-08,IN,IN,-1.435820e-03,7.127050e-05,2.082730e-06,-1.425200e-03,6.874650e-05,3.137000e-07,3.130410e+00,3.161150e+00,3.146180e+00
mos_tt_res_typ_cap_typ_27c_3.63v_3p5MHz,3.00,1.653651e-08,IN,IN,-1.506290e-03,1.945030e-04,1.371160e-06,-1.449120e-03,7.327880e-05,1.636380e-07,2.989690e+00,3.027020e+00,3.008880e+00
mos_tt_res_typ_cap_typ_27c_3.63v_3p5MHz,3.50,1.929259e-08,IN,IN,-1.541010e-03,5.384260e-04,2.596120e-07,-1.509060e-03,4.072880e-04,6.403970e-08,2.849940e+00,2.893600e+00,2.872430e+00
mos_tt_res_typ_cap_typ_27c_3.63v_3p5MHz,4.00,2.204868e-08,IN,IN,-1.559440e-03,6.304170e-04,-1.114710e-07,-1.556760e-03,5.886890e-04,4.218280e-08,2.715780e+00,2.765140e+00,2.741260e+00
mos_tt_res_typ_cap_typ_27c_3.63v_3p5MHz,5.00,2.756085e-08,IN,IN,-1.536390e-03,6.869180e-04,-3.449000e-07,-1.550050e-03,6.794120e-04,3.090020e-08,2.427090e+00,2.489780e+00,2.459480e+00
mos_tt_res_typ_cap_typ_27c_3.63v_3p5MHz,6.00,3.307302e-08,TOG,IN,-2.019130e-01,3.604850e+00,1.846140e+00,-1.487060e-03,6.939980e-04,1.159740e-07,2.157630e+00,2.242980e+00,2.202560e+00
mos_tt_res_typ_cap_typ_27c_3.63v_3p5MHz,7.00,3.858519e-08,OUT,IN,3.627250e+00,3.630350e+00,3.630000e+00,-1.452810e-03,6.888080e-04,9.537460e-08,1.929220e+00,2.011060e+00,1.971620e+00
mos_tt_res_typ_cap_typ_27c_3.63v_3p5MHz,8.00,4.409736e-08,OUT,IN,3.627460e+00,3.630340e+00,3.630000e+00,-1.480950e-03,6.698040e-04,1.236920e-07,1.727890e+00,1.817410e+00,1.773820e+00
mos_tt_res_typ_cap_typ_27c_3.63v_3p5MHz,10.00,5.512170e-08,OUT,IN,3.627620e+00,3.630330e+00,3.630000e+00,6.865810e-04,1.998670e-02,7.454320e-03,1.410280e+00,1.510630e+00,1.461180e+00
mos_tt_res_typ_cap_typ_27c_3.63v_3p5MHz,12.00,6.614604e-08,OUT,OUT,3.627650e+00,3.630330e+00,3.630000e+00,3.627650e+00,3.630330e+00,3.630000e+00,1.183040e+00,1.289130e+00,1.236610e+00
mos_tt_res_typ_cap_typ_27c_3.63v_3p5MHz,14.00,7.717038e-08,OUT,OUT,3.627630e+00,3.630330e+00,3.630000e+00,3.627630e+00,3.630330e+00,3.630000e+00,1.016600e+00,1.124940e+00,1.071150e+00
mos_tt_res_typ_cap_typ_27c_3.63v_3p5MHz,16.00,8.819472e-08,OUT,OUT,3.627600e+00,3.630340e+00,3.630000e+00,3.627600e+00,3.630340e+00,3.630000e+00,8.913960e-01,9.996080e-01,9.456930e-01
mos_tt_res_typ_cap_typ_27c_3.63v_3p5MHz,18.00,9.921906e-08,OUT,OUT,3.627580e+00,3.630400e+00,3.630000e+00,3.627580e+00,3.630400e+00,3.630000e+00,7.926140e-01,8.991510e-01,8.459480e-01
mos_tt_res_typ_cap_typ_27c_3.63v_3p5MHz,20.00,1.102434e-07,OUT,OUT,3.627600e+00,3.631930e+00,3.630000e+00,3.627600e+00,3.631930e+00,3.630000e+00,7.109070e-01,8.156780e-01,7.624870e-01
mos_tt_res_typ_cap_typ_27c_3.63v_3p5MHz,22.00,1.212677e-07,OUT,OUT,3.627580e+00,3.630510e+00,3.630000e+00,3.627580e+00,3.630510e+00,3.630000e+00,6.494230e-01,7.494530e-01,6.992610e-01
mos_tt_res_typ_cap_typ_27c_3.63v_3p5MHz,24.00,1.322921e-07,OUT,OUT,3.627620e+00,3.630560e+00,3.630000e+00,3.627620e+00,3.630560e+00,3.630000e+00,5.957050e-01,6.914320e-01,6.433180e-01
mos_ff_res_typ_cap_typ_27c_3.3v_3p5MHz,0.50,2.591500e-09,IN,IN,1.595730e-06,1.838290e-06,1.688190e-06,3.946710e-08,1.372370e-07,7.999810e-08,3.225060e+00,3.233010e+00,3.229110e+00
mos_ff_res_typ_cap_typ_27c_3.3v_3p5MHz,1.00,5.183000e-09,IN,IN,-1.675680e-05,5.656330e-05,1.705170e-06,-1.862920e-05,5.476620e-05,9.674320e-08,3.224270e+00,3.232310e+00,3.228370e+00
mos_ff_res_typ_cap_typ_27c_3.3v_3p5MHz,1.25,6.478750e-09,IN,IN,-1.251430e-03,1.987490e-04,1.743960e-06,-1.248060e-03,1.950070e-04,1.298850e-07,3.167400e+00,3.178450e+00,3.173010e+00
mos_ff_res_typ_cap_typ_27c_3.3v_3p5MHz,1.50,7.774500e-09,IN,IN,-1.309710e-03,4.212730e-05,1.491430e-06,-1.304470e-03,3.979230e-05,-1.232180e-07,3.078190e+00,3.093330e+00,3.085920e+00
mos_ff_res_typ_cap_typ_27c_3.3v_3p5MHz,1.75,9.070250e-09,IN,IN,-1.317350e-03,4.454200e-05,1.533300e-06,-1.311880e-03,4.213880e-05,-7.643310e-08,3.012670e+00,3.031300e+00,3.022200e+00
mos_ff_res_typ_cap_typ_27c_3.3v_3p5MHz,2.00,1.036600e-08,IN,IN,-1.332690e-03,4.662840e-05,1.539400e-06,-1.325920e-03,4.420120e-05,-3.958080e-08,2.949000e+00,2.970910e+00,2.960210e+00
mos_ff_res_typ_cap_typ_27c_3.3v_3p5MHz,2.25,1.166175e-08,IN,IN,-1.341800e-03,4.839920e-05,1.508570e-06,-1.332710e-03,4.597540e-05,-9.109350e-08,2.887130e+00,2.912110e+00,2.899930e+00
mos_ff_res_typ_cap_typ_27c_3.3v_3p5MHz,2.50,1.295750e-08,IN,IN,-1.347680e-03,5.023170e-05,1.380420e-06,-1.333080e-03,4.776630e-05,-2.089590e-07,2.828520e+00,2.856200e+00,2.842720e+00
mos_ff_res_typ_cap_typ_27c_3.3v_3p5MHz,3.00,1.554900e-08,IN,IN,-1.425020e-03,1.949120e-04,8.997070e-07,-1.371160e-03,5.166940e-05,-2.988100e-07,2.707440e+00,2.740790e+00,2.724570e+00
mos_ff_res_typ_cap_typ_27c_3.3v_3p5MHz,3.50,1.814050e-08,IN,IN,-1.476790e-03,4.910440e-04,2.576440e-07,-1.439380e-03,3.682440e-04,-1.007420e-07,2.584260e+00,2.623360e+00,2.604370e+00
mos_ff_res_typ_cap_typ_27c_3.3v_3p5MHz,4.00,2.073200e-08,IN,IN,-1.502240e-03,5.823010e-04,1.694630e-08,-1.490340e-03,5.384710e-04,3.672630e-08,2.473460e+00,2.516980e+00,2.495890e+00
mos_ff_res_typ_cap_typ_27c_3.3v_3p5MHz,5.00,2.591500e-08,IN,IN,-1.479580e-03,6.559340e-04,-1.603010e-07,-1.490090e-03,6.471730e-04,1.645780e-07,2.220430e+00,2.275890e+00,2.249010e+00
mos_ff_res_typ_cap_typ_27c_3.3v_3p5MHz,6.00,3.109800e-08,IN,IN,-1.443550e-03,6.907910e-04,-9.190600e-08,-1.452540e-03,6.757040e-04,3.203910e-07,1.998990e+00,2.063920e+00,2.032160e+00
mos_ff_res_typ_cap_typ_27c_3.3v_3p5MHz,7.00,3.628100e-08,OUT,IN,3.297260e+00,3.300330e+00,3.299990e+00,-1.408560e-03,7.234630e-04,2.566950e-07,1.782420e+00,1.856200e+00,1.819930e+00
mos_ff_res_typ_cap_typ_27c_3.3v_3p5MHz,8.00,4.146400e-08,OUT,IN,3.297500e+00,3.300380e+00,3.300000e+00,-1.411070e-03,7.259280e-04,2.539680e-07,1.594520e+00,1.675850e+00,1.635630e+00
mos_ff_res_typ_cap_typ_27c_3.3v_3p5MHz,10.00,5.183000e-08,OUT,IN,3.297680e+00,3.300450e+00,3.300000e+00,-1.826530e-04,9.721230e-03,3.109870e-03,1.304400e+00,1.396110e+00,1.350340e+00
mos_ff_res_typ_cap_typ_27c_3.3v_3p5MHz,12.00,6.219600e-08,OUT,OUT,3.297710e+00,3.300600e+00,3.300000e+00,3.297710e+00,3.300600e+00,3.300000e+00,1.094070e+00,1.191810e+00,1.142780e+00
mos_ff_res_typ_cap_typ_27c_3.3v_3p5MHz,14.00,7.256200e-08,OUT,OUT,3.297700e+00,3.300690e+00,3.300000e+00,3.297700e+00,3.300680e+00,3.300000e+00,9.397460e-01,1.039610e+00,9.894860e-01
mos_ff_res_typ_cap_typ_27c_3.3v_3p5MHz,16.00,8.292800e-08,OUT,OUT,3.297680e+00,3.300760e+00,3.300000e+00,3.297680e+00,3.300760e+00,3.300000e+00,8.229960e-01,9.231300e-01,8.728000e-01
mos_ff_res_typ_cap_typ_27c_3.3v_3p5MHz,18.00,9.329400e-08,OUT,OUT,3.297660e+00,3.300840e+00,3.300000e+00,3.297660e+00,3.300840e+00,3.300000e+00,7.317560e-01,8.307680e-01,7.809190e-01
mos_ff_res_typ_cap_typ_27c_3.3v_3p5MHz,20.00,1.036600e-07,OUT,OUT,3.297660e+00,3.300900e+00,3.300000e+00,3.297660e+00,3.300900e+00,3.300000e+00,6.586080e-01,7.555330e-01,7.066480e-01
mos_ff_res_typ_cap_typ_27c_3.3v_3p5MHz,22.00,1.140260e-07,OUT,OUT,3.297680e+00,3.300970e+00,3.300000e+00,3.297680e+00,3.300970e+00,3.300000e+00,5.987960e-01,6.929400e-01,6.453710e-01
mos_ff_res_typ_cap_typ_27c_3.3v_3p5MHz,24.00,1.243920e-07,OUT,OUT,3.297710e+00,3.301030e+00,3.300000e+00,3.297710e+00,3.301030e+00,3.300000e+00,5.489620e-01,6.396930e-01,5.937800e-01
mos_ss_res_typ_cap_typ_27c_3.3v_3p5MHz,0.50,3.606185e-09,IN,IN,1.700580e-06,1.962480e-06,1.801550e-06,-5.034330e-08,5.752610e-08,1.453120e-10,3.225750e+00,3.233640e+00,3.229770e+00
mos_ss_res_typ_cap_typ_27c_3.3v_3p5MHz,1.00,7.212370e-09,IN,IN,-1.271330e-06,7.287570e-06,1.865120e-06,-3.063940e-06,5.358580e-06,6.292390e-08,3.223210e+00,3.231370e+00,3.227370e+00
mos_ss_res_typ_cap_typ_27c_3.3v_3p5MHz,1.25,9.015463e-09,IN,IN,-9.879870e-04,5.296790e-05,1.782270e-06,-9.867090e-04,5.048730e-05,-2.468760e-08,3.165320e+00,3.176200e+00,3.170840e+00
mos_ss_res_typ_cap_typ_27c_3.3v_3p5MHz,1.50,1.081855e-08,IN,IN,-9.057250e-04,6.223900e-05,2.010430e-06,-9.024400e-04,5.960600e-05,1.929550e-07,3.084270e+00,3.099780e+00,3.092180e+00
mos_ss_res_typ_cap_typ_27c_3.3v_3p5MHz,1.75,1.262165e-08,IN,IN,-8.480620e-04,7.733870e-06,2.015620e-06,-8.450130e-04,5.799740e-06,1.955640e-07,3.030530e+00,3.048750e+00,3.039850e+00
mos_ss_res_typ_cap_typ_27c_3.3v_3p5MHz,2.00,1.442474e-08,IN,IN,-8.390610e-04,9.735090e-06,2.204220e-06,-8.360120e-04,7.779140e-06,3.829630e-07,2.958830e+00,2.981020e+00,2.970200e+00
mos_ss_res_typ_cap_typ_27c_3.3v_3p5MHz,2.25,1.622783e-08,IN,IN,-8.556010e-04,1.173050e-05,2.151980e-06,-8.516450e-04,9.749660e-06,3.533870e-07,2.889770e+00,2.915270e+00,2.902870e+00
mos_ss_res_typ_cap_typ_27c_3.3v_3p5MHz,2.50,1.803093e-08,IN,IN,-8.629630e-04,1.404540e-05,2.139400e-06,-8.577140e-04,1.189320e-05,4.307710e-07,2.819440e+00,2.848350e+00,2.834320e+00
mos_ss_res_typ_cap_typ_27c_3.3v_3p5MHz,3.00,2.163711e-08,IN,IN,-8.685710e-04,5.203240e-05,1.948750e-06,-8.636620e-04,1.945040e-05,2.787640e-07,2.679960e+00,2.715430e+00,2.698260e+00
mos_ss_res_typ_cap_typ_27c_3.3v_3p5MHz,3.50,2.524330e-08,IN,IN,-8.006210e-04,3.439660e-04,8.521080e-07,-8.285510e-04,1.955290e-04,1.640180e-07,2.543240e+00,2.584730e+00,2.564700e+00
mos_ss_res_typ_cap_typ_27c_3.3v_3p5MHz,4.00,2.884948e-08,IN,IN,-8.202390e-04,4.700570e-04,9.576590e-08,-8.195170e-04,4.339530e-04,6.319370e-08,2.408060e+00,2.455280e+00,2.432530e+00
mos_ss_res_typ_cap_typ_27c_3.3v_3p5MHz,5.00,3.606185e-08,IN,IN,-7.611600e-04,5.382830e-04,-1.931840e-07,-7.709250e-04,5.315190e-04,1.083360e-07,2.148810e+00,2.206150e+00,2.178670e+00
mos_ss_res_typ_cap_typ_27c_3.3v_3p5MHz,6.00,4.327422e-08,OUT,IN,3.296500e+00,3.300220e+00,3.299420e+00,-7.288540e-04,5.457470e-04,1.254830e-07,1.892340e+00,1.959060e+00,1.927200e+00
mos_ss_res_typ_cap_typ_27c_3.3v_3p5MHz,7.00,5.048659e-08,OUT,IN,3.298090e+00,3.300240e+00,3.300010e+00,-7.461610e-04,5.350490e-04,9.492140e-08,1.659880e+00,1.735520e+00,1.699080e+00
mos_ss_res_typ_cap_typ_27c_3.3v_3p5MHz,8.00,5.769896e-08,OUT,IN,3.298250e+00,3.300230e+00,3.300000e+00,-7.301770e-04,5.156840e-04,1.659990e-07,1.466020e+00,1.548370e+00,1.508340e+00
mos_ss_res_typ_cap_typ_27c_3.3v_3p5MHz,10.00,7.212370e-08,OUT,IN,3.298350e+00,3.300230e+00,3.300000e+00,7.483380e-03,7.193670e-02,3.090560e-02,1.183120e+00,1.272990e+00,1.228690e+00
mos_ss_res_typ_cap_typ_27c_3.3v_3p5MHz,12.00,8.654844e-08,OUT,OUT,3.298320e+00,3.300310e+00,3.300000e+00,3.298320e+00,3.300310e+00,3.300000e+00,9.822810e-01,1.074900e+00,1.029120e+00
mos_ss_res_typ_cap_typ_27c_3.3v_3p5MHz,14.00,1.009732e-07,OUT,OUT,3.298270e+00,3.300390e+00,3.300000e+00,3.298270e+00,3.300390e+00,3.300000e+00,8.420710e-01,9.340290e-01,8.883270e-01
mos_ss_res_typ_cap_typ_27c_3.3v_3p5MHz,16.00,1.153979e-07,OUT,OUT,3.298220e+00,3.300460e+00,3.300000e+00,3.298220e+00,3.300460e+00,3.300000e+00,7.379050e-01,8.271320e-01,7.825500e-01
mos_ss_res_typ_cap_typ_27c_3.3v_3p5MHz,18.00,1.298227e-07,OUT,OUT,3.298190e+00,3.300530e+00,3.300000e+00,3.298190e+00,3.300530e+00,3.300000e+00,6.540360e-01,7.392790e-01,6.966440e-01
mos_ss_res_typ_cap_typ_27c_3.3v_3p5MHz,20.00,1.442474e-07,OUT,OUT,3.298200e+00,3.300600e+00,3.300000e+00,3.298200e+00,3.300600e+00,3.300000e+00,5.885890e-01,6.688040e-01,6.286030e-01
mos_ss_res_typ_cap_typ_27c_3.3v_3p5MHz,22.00,1.586721e-07,OUT,OUT,3.298220e+00,3.300660e+00,3.300000e+00,3.298220e+00,3.300660e+00,3.300000e+00,5.360240e-01,6.104570e-01,5.730840e-01
mos_ss_res_typ_cap_typ_27c_3.3v_3p5MHz,24.00,1.730969e-07,OUT,OUT,3.298230e+00,3.300710e+00,3.300000e+00,3.298230e+00,3.300710e+00,3.300000e+00,4.931530e-01,5.612630e-01,5.270140e-01
