xrpu_w,xrpu_l,xcw_w,xcw_l,rc_min_s,rc_min_at,rc_max_s,rc_max_at,rc_min_over_tref_slow,rc_max_over_tref_slow
0.5u,6u,4u,4u,2.633136e-10,res_bcs/cap_bcs/125C,7.739595e-10,res_wcs/cap_wcs/-40C,0.0009,0.0027
0.5u,6u,6u,6u,5.867727e-10,res_bcs/cap_bcs/125C,1.727670e-09,res_wcs/cap_wcs/-40C,0.0021,0.0060
0.5u,6u,20u,20u,6.431294e-09,res_bcs/cap_bcs/125C,1.898262e-08,res_wcs/cap_wcs/-40C,0.0225,0.0664
0.5u,6u,30u,30u,1.444200e-08,res_bcs/cap_bcs/125C,4.264219e-08,res_wcs/cap_wcs/-40C,0.0505,0.1492
0.5u,6u,36u,36u,2.078284e-08,res_bcs/cap_bcs/125C,6.137178e-08,res_wcs/cap_wcs/-40C,0.0727,0.2148
0.5u,6u,40u,40u,2.564940e-08,res_bcs/cap_bcs/125C,7.574726e-08,res_wcs/cap_wcs/-40C,0.0898,0.2651
0.5u,6u,45u,45u,3.245187e-08,res_bcs/cap_bcs/125C,9.584187e-08,res_wcs/cap_wcs/-40C,0.1136,0.3354
0.5u,6u,50u,50u,4.005352e-08,res_bcs/cap_bcs/125C,1.182979e-07,res_wcs/cap_wcs/-40C,0.1402,0.4140
0.5u,100u,4u,4u,4.299912e-09,res_bcs/cap_bcs/125C,1.274162e-08,res_wcs/cap_wcs/-40C,0.0150,0.0446
0.5u,100u,6u,6u,9.582000e-09,res_bcs/cap_bcs/125C,2.844247e-08,res_wcs/cap_wcs/-40C,0.0335,0.0995
0.5u,100u,20u,20u,1.050231e-07,res_bcs/cap_bcs/125C,3.125091e-07,res_wcs/cap_wcs/-40C,0.3676,1.0938
0.5u,100u,30u,30u,2.358379e-07,res_bcs/cap_bcs/125C,7.020145e-07,res_wcs/cap_wcs/-40C,0.8254,2.4571
0.5u,100u,36u,36u,3.393838e-07,res_bcs/cap_bcs/125C,1.010358e-06,res_wcs/cap_wcs/-40C,1.1878,3.5363
0.5u,100u,40u,40u,4.188548e-07,res_bcs/cap_bcs/125C,1.247020e-06,res_wcs/cap_wcs/-40C,1.4660,4.3646
0.5u,100u,45u,45u,5.299392e-07,res_bcs/cap_bcs/125C,1.577836e-06,res_wcs/cap_wcs/-40C,1.8548,5.5224
0.5u,100u,50u,50u,6.540740e-07,res_bcs/cap_bcs/125C,1.947527e-06,res_wcs/cap_wcs/-40C,2.2893,6.8163
0.5u,300u,4u,4u,1.288841e-08,res_bcs/cap_bcs/125C,3.820467e-08,res_wcs/cap_wcs/-40C,0.0451,0.1337
0.5u,300u,6u,6u,2.872076e-08,res_bcs/cap_bcs/125C,8.528233e-08,res_wcs/cap_wcs/-40C,0.1005,0.2985
0.5u,300u,20u,20u,3.147925e-07,res_bcs/cap_bcs/125C,9.370319e-07,res_wcs/cap_wcs/-40C,1.1018,3.2796
0.5u,300u,30u,30u,7.068923e-07,res_bcs/cap_bcs/125C,2.104931e-06,res_wcs/cap_wcs/-40C,2.4741,7.3673
0.5u,300u,36u,36u,1.017257e-06,res_bcs/cap_bcs/125C,3.029472e-06,res_wcs/cap_wcs/-40C,3.5604,10.6032
0.5u,300u,40u,40u,1.255461e-06,res_bcs/cap_bcs/125C,3.739084e-06,res_wcs/cap_wcs/-40C,4.3941,13.0868
0.5u,300u,45u,45u,1.588421e-06,res_bcs/cap_bcs/125C,4.731007e-06,res_wcs/cap_wcs/-40C,5.5595,16.5585
0.5u,300u,50u,50u,1.960499e-06,res_bcs/cap_bcs/125C,5.839494e-06,res_wcs/cap_wcs/-40C,6.8617,20.4382
0.5u,500u,4u,4u,2.147690e-08,res_bcs/cap_bcs/125C,6.366765e-08,res_wcs/cap_wcs/-40C,0.0752,0.2228
0.5u,500u,6u,6u,4.785950e-08,res_bcs/cap_bcs/125C,1.421220e-07,res_wcs/cap_wcs/-40C,0.1675,0.4974
0.5u,500u,20u,20u,5.245617e-07,res_bcs/cap_bcs/125C,1.561553e-06,res_wcs/cap_wcs/-40C,1.8360,5.4654
0.5u,500u,30u,30u,1.177946e-06,res_bcs/cap_bcs/125C,3.507843e-06,res_wcs/cap_wcs/-40C,4.1228,12.2775
0.5u,500u,36u,36u,1.695130e-06,res_bcs/cap_bcs/125C,5.048581e-06,res_wcs/cap_wcs/-40C,5.9330,17.6700
0.5u,500u,40u,40u,2.092066e-06,res_bcs/cap_bcs/125C,6.231141e-06,res_wcs/cap_wcs/-40C,7.3222,21.8090
0.5u,500u,45u,45u,2.646903e-06,res_bcs/cap_bcs/125C,7.884169e-06,res_wcs/cap_wcs/-40C,9.2642,27.5946
0.5u,500u,50u,50u,3.266923e-06,res_bcs/cap_bcs/125C,9.731450e-06,res_wcs/cap_wcs/-40C,11.4342,34.0601
0.5u,700u,4u,4u,3.006538e-08,res_bcs/cap_bcs/125C,8.913058e-08,res_wcs/cap_wcs/-40C,0.1052,0.3120
0.5u,700u,6u,6u,6.699822e-08,res_bcs/cap_bcs/125C,1.989616e-07,res_wcs/cap_wcs/-40C,0.2345,0.6964
0.5u,700u,20u,20u,7.343308e-07,res_bcs/cap_bcs/125C,2.186073e-06,res_wcs/cap_wcs/-40C,2.5702,7.6513
0.5u,700u,30u,30u,1.649000e-06,res_bcs/cap_bcs/125C,4.910752e-06,res_wcs/cap_wcs/-40C,5.7715,17.1876
0.5u,700u,36u,36u,2.373002e-06,res_bcs/cap_bcs/125C,7.067686e-06,res_wcs/cap_wcs/-40C,8.3055,24.7369
0.5u,700u,40u,40u,2.928671e-06,res_bcs/cap_bcs/125C,8.723193e-06,res_wcs/cap_wcs/-40C,10.2503,30.5312
0.5u,700u,45u,45u,3.705383e-06,res_bcs/cap_bcs/125C,1.103732e-05,res_wcs/cap_wcs/-40C,12.9688,38.6306
0.5u,700u,50u,50u,4.573345e-06,res_bcs/cap_bcs/125C,1.362340e-05,res_wcs/cap_wcs/-40C,16.0067,47.6819
0.5u,1000u,4u,4u,4.294806e-08,res_bcs/cap_bcs/125C,1.273248e-07,res_wcs/cap_wcs/-40C,0.1503,0.4456
0.5u,1000u,6u,6u,9.570622e-08,res_bcs/cap_bcs/125C,2.842206e-07,res_wcs/cap_wcs/-40C,0.3350,0.9948
0.5u,1000u,20u,20u,1.048983e-06,res_bcs/cap_bcs/125C,3.122848e-06,res_wcs/cap_wcs/-40C,3.6714,10.9300
0.5u,1000u,30u,30u,2.355578e-06,res_bcs/cap_bcs/125C,7.015106e-06,res_wcs/cap_wcs/-40C,8.2445,24.5529
0.5u,1000u,36u,36u,3.389807e-06,res_bcs/cap_bcs/125C,1.009633e-05,res_wcs/cap_wcs/-40C,11.8643,35.3372
0.5u,1000u,40u,40u,4.183574e-06,res_bcs/cap_bcs/125C,1.246125e-05,res_wcs/cap_wcs/-40C,14.6425,43.6144
0.5u,1000u,45u,45u,5.293099e-06,res_bcs/cap_bcs/125C,1.576704e-05,res_wcs/cap_wcs/-40C,18.5258,55.1846
0.5u,1000u,50u,50u,6.532974e-06,res_bcs/cap_bcs/125C,1.946129e-05,res_wcs/cap_wcs/-40C,22.8654,68.1145
