sweep,mos_corner,res_corner,cap_corner,temp_c,vsup_v,fref_hz,r_xrpu_ohm,c_xcw_f,rc_s,n_cycles,settle_frac,xmpd_w,xmpd_l,xmpd_l_over_w,twin_r_s,tau_xwin,tau_s,vwin_discharged_start_avg_v,vwin_charged_start_avg_v,lock_discharged_start_avg_v,lock_charged_start_avg_v
min_hysteresis,mos_tt,res_wcs,cap_typ,-40,3.3,24.4e6,2.355120e+06,3.043993e-12,7.16896879416e-06,700,0.9817,2u,0.5u,0.25,5.29072e-09,1.00,5.290720e-09,1.02221e-01,1.02221e-01,3.30000e+00,3.30000e+00
min_hysteresis,mos_tt,res_wcs,cap_typ,-40,3.3,24.4e6,2.355120e+06,3.043993e-12,7.16896879416e-06,700,0.9817,2u,0.5u,0.25,5.29072e-09,1.10,5.819792e-09,3.48376e-02,3.48376e-02,3.30000e+00,3.30000e+00
min_hysteresis,mos_tt,res_wcs,cap_typ,-40,3.3,24.4e6,2.355120e+06,3.043993e-12,7.16896879416e-06,700,0.9817,2u,0.5u,0.25,5.29072e-09,1.20,6.348864e-09,3.12805e-02,3.12805e-02,3.30000e+00,3.30000e+00
min_hysteresis,mos_tt,res_wcs,cap_typ,-40,3.3,24.4e6,2.355120e+06,3.043993e-12,7.16896879416e-06,700,0.9817,2u,0.5u,0.25,5.29072e-09,1.25,6.613400e-09,2.98080e-02,2.98080e-02,3.30000e+00,3.30000e+00
min_hysteresis,mos_tt,res_wcs,cap_typ,-40,3.3,24.4e6,2.355120e+06,3.043993e-12,7.16896879416e-06,700,0.9817,2u,0.5u,0.25,5.29072e-09,1.30,6.877936e-09,1.27937e-02,1.27937e-02,3.30000e+00,3.30000e+00
min_hysteresis,mos_tt,res_wcs,cap_typ,-40,3.3,24.4e6,2.355120e+06,3.043993e-12,7.16896879416e-06,700,0.9817,2u,0.5u,0.25,5.29072e-09,1.35,7.142472e-09,1.17961e-02,1.17961e-02,3.30000e+00,3.30000e+00
min_hysteresis,mos_tt,res_wcs,cap_typ,-40,3.3,24.4e6,2.355120e+06,3.043993e-12,7.16896879416e-06,700,0.9817,2u,0.5u,0.25,5.29072e-09,1.40,7.407008e-09,1.09019e-02,1.09019e-02,3.30000e+00,3.30000e+00
min_hysteresis,mos_tt,res_wcs,cap_typ,-40,3.3,24.4e6,2.355120e+06,3.043993e-12,7.16896879416e-06,700,0.9817,2u,0.5u,0.25,5.29072e-09,1.50,7.936080e-09,9.53668e-03,9.53668e-03,3.30000e+00,3.30000e+00
min_hysteresis,mos_tt,res_wcs,cap_typ,-40,3.3,24.4e6,2.355120e+06,3.043993e-12,7.16896879416e-06,700,0.9817,2u,0.5u,0.25,5.29072e-09,1.60,8.465152e-09,8.55037e-03,8.55037e-03,3.30000e+00,3.30000e+00
min_hysteresis,mos_tt,res_wcs,cap_typ,-40,3.3,24.4e6,2.355120e+06,3.043993e-12,7.16896879416e-06,700,0.9817,2u,0.5u,0.25,5.29072e-09,1.75,9.258760e-09,7.54793e-03,7.54793e-03,3.30000e+00,3.30000e+00
min_hysteresis,mos_tt,res_wcs,cap_typ,-40,3.3,24.4e6,2.355120e+06,3.043993e-12,7.16896879416e-06,700,0.9817,2u,0.5u,0.25,5.29072e-09,2.00,1.058144e-08,6.44136e-03,6.44136e-03,3.30000e+00,3.30000e+00
min_hysteresis,mos_tt,res_wcs,cap_typ,-40,3.3,24.4e6,2.355120e+06,3.043993e-12,7.16896879416e-06,700,0.9817,2u,0.5u,0.25,5.29072e-09,2.25,1.190412e-08,5.71479e-03,5.71479e-03,3.30000e+00,3.30000e+00
min_hysteresis,mos_tt,res_wcs,cap_typ,-40,3.3,24.4e6,2.355120e+06,3.043993e-12,7.16896879416e-06,700,0.9817,2u,0.5u,0.25,5.29072e-09,2.50,1.322680e-08,5.22662e-03,5.22662e-03,3.30000e+00,3.30000e+00
min_hysteresis,mos_tt,res_wcs,cap_typ,-40,3.3,24.4e6,2.355120e+06,3.043993e-12,7.16896879416e-06,700,0.9817,0.5u,4u,8,5.29072e-09,1.00,5.290720e-09,2.49103e+00,2.55542e+00,2.75745e-08,-1.03564e-07
min_hysteresis,mos_tt,res_wcs,cap_typ,-40,3.3,24.4e6,2.355120e+06,3.043993e-12,7.16896879416e-06,700,0.9817,0.5u,4u,8,5.29072e-09,1.10,5.819792e-09,9.85244e-01,9.85641e-01,3.30000e+00,3.30000e+00
min_hysteresis,mos_tt,res_wcs,cap_typ,-40,3.3,24.4e6,2.355120e+06,3.043993e-12,7.16896879416e-06,700,0.9817,0.5u,4u,8,5.29072e-09,1.20,6.348864e-09,8.77419e-01,8.77488e-01,3.30000e+00,3.30000e+00
min_hysteresis,mos_tt,res_wcs,cap_typ,-40,3.3,24.4e6,2.355120e+06,3.043993e-12,7.16896879416e-06,700,0.9817,0.5u,4u,8,5.29072e-09,1.25,6.613400e-09,8.32603e-01,8.32625e-01,3.30000e+00,3.30000e+00
min_hysteresis,mos_tt,res_wcs,cap_typ,-40,3.3,24.4e6,2.355120e+06,3.043993e-12,7.16896879416e-06,700,0.9817,0.5u,4u,8,5.29072e-09,1.30,6.877936e-09,3.99591e-01,3.99594e-01,3.30000e+00,3.30000e+00
min_hysteresis,mos_tt,res_wcs,cap_typ,-40,3.3,24.4e6,2.355120e+06,3.043993e-12,7.16896879416e-06,700,0.9817,0.5u,4u,8,5.29072e-09,1.35,7.142472e-09,3.63927e-01,3.63928e-01,3.30000e+00,3.30000e+00
min_hysteresis,mos_tt,res_wcs,cap_typ,-40,3.3,24.4e6,2.355120e+06,3.043993e-12,7.16896879416e-06,700,0.9817,0.5u,4u,8,5.29072e-09,1.40,7.407008e-09,3.35830e-01,3.35831e-01,3.30000e+00,3.30000e+00
min_hysteresis,mos_tt,res_wcs,cap_typ,-40,3.3,24.4e6,2.355120e+06,3.043993e-12,7.16896879416e-06,700,0.9817,0.5u,4u,8,5.29072e-09,1.50,7.936080e-09,2.90903e-01,2.90903e-01,3.30000e+00,3.30000e+00
min_hysteresis,mos_tt,res_wcs,cap_typ,-40,3.3,24.4e6,2.355120e+06,3.043993e-12,7.16896879416e-06,700,0.9817,0.5u,4u,8,5.29072e-09,1.60,8.465152e-09,2.56553e-01,2.56553e-01,3.30000e+00,3.30000e+00
min_hysteresis,mos_tt,res_wcs,cap_typ,-40,3.3,24.4e6,2.355120e+06,3.043993e-12,7.16896879416e-06,700,0.9817,0.5u,4u,8,5.29072e-09,1.75,9.258760e-09,2.17624e-01,2.17624e-01,3.30000e+00,3.30000e+00
min_hysteresis,mos_tt,res_wcs,cap_typ,-40,3.3,24.4e6,2.355120e+06,3.043993e-12,7.16896879416e-06,700,0.9817,0.5u,4u,8,5.29072e-09,2.00,1.058144e-08,1.73504e-01,1.73504e-01,3.30000e+00,3.30000e+00
min_hysteresis,mos_tt,res_wcs,cap_typ,-40,3.3,24.4e6,2.355120e+06,3.043993e-12,7.16896879416e-06,700,0.9817,0.5u,4u,8,5.29072e-09,2.25,1.190412e-08,1.44200e-01,1.44200e-01,3.30000e+00,3.30000e+00
min_hysteresis,mos_tt,res_wcs,cap_typ,-40,3.3,24.4e6,2.355120e+06,3.043993e-12,7.16896879416e-06,700,0.9817,0.5u,4u,8,5.29072e-09,2.50,1.322680e-08,1.23331e-01,1.23331e-01,3.30000e+00,3.30000e+00
min_hysteresis,mos_tt,res_wcs,cap_typ,-40,3.3,24.4e6,2.355120e+06,3.043993e-12,7.16896879416e-06,700,0.9817,0.35u,6u,17.14,5.29072e-09,1.00,5.290720e-09,2.87812e+00,2.94629e+00,7.26758e-07,-1.55247e-07
min_hysteresis,mos_tt,res_wcs,cap_typ,-40,3.3,24.4e6,2.355120e+06,3.043993e-12,7.16896879416e-06,700,0.9817,0.35u,6u,17.14,5.29072e-09,1.10,5.819792e-09,1.82324e+00,1.86246e+00,3.30000e+00,2.95374e-07
min_hysteresis,mos_tt,res_wcs,cap_typ,-40,3.3,24.4e6,2.355120e+06,3.043993e-12,7.16896879416e-06,700,0.9817,0.35u,6u,17.14,5.29072e-09,1.20,6.348864e-09,1.65290e+00,1.67953e+00,3.30000e+00,3.02217e-07
min_hysteresis,mos_tt,res_wcs,cap_typ,-40,3.3,24.4e6,2.355120e+06,3.043993e-12,7.16896879416e-06,700,0.9817,0.35u,6u,17.14,5.29072e-09,1.25,6.613400e-09,1.57334e+00,1.59241e+00,3.30000e+00,2.70117e-07
min_hysteresis,mos_tt,res_wcs,cap_typ,-40,3.3,24.4e6,2.355120e+06,3.043993e-12,7.16896879416e-06,700,0.9817,0.35u,6u,17.14,5.29072e-09,1.30,6.877936e-09,8.02394e-01,8.02416e-01,3.30000e+00,3.30000e+00
min_hysteresis,mos_tt,res_wcs,cap_typ,-40,3.3,24.4e6,2.355120e+06,3.043993e-12,7.16896879416e-06,700,0.9817,0.35u,6u,17.14,5.29072e-09,1.35,7.142472e-09,7.31538e-01,7.31542e-01,3.30000e+00,3.30000e+00
min_hysteresis,mos_tt,res_wcs,cap_typ,-40,3.3,24.4e6,2.355120e+06,3.043993e-12,7.16896879416e-06,700,0.9817,0.35u,6u,17.14,5.29072e-09,1.40,7.407008e-09,6.77157e-01,6.77158e-01,3.30000e+00,3.30000e+00
min_hysteresis,mos_tt,res_wcs,cap_typ,-40,3.3,24.4e6,2.355120e+06,3.043993e-12,7.16896879416e-06,700,0.9817,0.35u,6u,17.14,5.29072e-09,1.50,7.936080e-09,5.89675e-01,5.89675e-01,3.30000e+00,3.30000e+00
min_hysteresis,mos_tt,res_wcs,cap_typ,-40,3.3,24.4e6,2.355120e+06,3.043993e-12,7.16896879416e-06,700,0.9817,0.35u,6u,17.14,5.29072e-09,1.60,8.465152e-09,5.22308e-01,5.22308e-01,3.30000e+00,3.30000e+00
min_hysteresis,mos_tt,res_wcs,cap_typ,-40,3.3,24.4e6,2.355120e+06,3.043993e-12,7.16896879416e-06,700,0.9817,0.35u,6u,17.14,5.29072e-09,1.75,9.258760e-09,4.45342e-01,4.45342e-01,3.30000e+00,3.30000e+00
min_hysteresis,mos_tt,res_wcs,cap_typ,-40,3.3,24.4e6,2.355120e+06,3.043993e-12,7.16896879416e-06,700,0.9817,0.35u,6u,17.14,5.29072e-09,2.00,1.058144e-08,3.57365e-01,3.57365e-01,3.30000e+00,3.30000e+00
min_hysteresis,mos_tt,res_wcs,cap_typ,-40,3.3,24.4e6,2.355120e+06,3.043993e-12,7.16896879416e-06,700,0.9817,0.35u,6u,17.14,5.29072e-09,2.25,1.190412e-08,2.98438e-01,2.98439e-01,3.30000e+00,3.30000e+00
min_hysteresis,mos_tt,res_wcs,cap_typ,-40,3.3,24.4e6,2.355120e+06,3.043993e-12,7.16896879416e-06,700,0.9817,0.35u,6u,17.14,5.29072e-09,2.50,1.322680e-08,2.56143e-01,2.56143e-01,3.30000e+00,3.30000e+00
min_hysteresis,mos_tt,res_wcs,cap_typ,-40,3.3,24.4e6,2.355120e+06,3.043993e-12,7.16896879416e-06,700,0.9817,0.25u,8u,32,5.29072e-09,1.00,5.290720e-09,3.02276e+00,3.09200e+00,7.87401e-07,-8.97543e-08
min_hysteresis,mos_tt,res_wcs,cap_typ,-40,3.3,24.4e6,2.355120e+06,3.043993e-12,7.16896879416e-06,700,0.9817,0.25u,8u,32,5.29072e-09,1.10,5.819792e-09,2.38622e+00,2.44817e+00,-4.53058e-08,3.35159e-08
min_hysteresis,mos_tt,res_wcs,cap_typ,-40,3.3,24.4e6,2.355120e+06,3.043993e-12,7.16896879416e-06,700,0.9817,0.25u,8u,32,5.29072e-09,1.20,6.348864e-09,2.26527e+00,2.32478e+00,-7.09451e-08,1.03140e-07
min_hysteresis,mos_tt,res_wcs,cap_typ,-40,3.3,24.4e6,2.355120e+06,3.043993e-12,7.16896879416e-06,700,0.9817,0.25u,8u,32,5.29072e-09,1.25,6.613400e-09,2.20083e+00,2.25904e+00,-9.32357e-08,1.06504e-07
min_hysteresis,mos_tt,res_wcs,cap_typ,-40,3.3,24.4e6,2.355120e+06,3.043993e-12,7.16896879416e-06,700,0.9817,0.25u,8u,32,5.29072e-09,1.30,6.877936e-09,1.31227e+00,1.31997e+00,3.30000e+00,7.48899e-04
min_hysteresis,mos_tt,res_wcs,cap_typ,-40,3.3,24.4e6,2.355120e+06,3.043993e-12,7.16896879416e-06,700,0.9817,0.25u,8u,32,5.29072e-09,1.35,7.142472e-09,1.19471e+00,1.19785e+00,3.30000e+00,5.04002e-02
min_hysteresis,mos_tt,res_wcs,cap_typ,-40,3.3,24.4e6,2.355120e+06,3.043993e-12,7.16896879416e-06,700,0.9817,0.25u,8u,32,5.29072e-09,1.40,7.407008e-09,1.10826e+00,1.11021e+00,3.30000e+00,3.30000e+00
min_hysteresis,mos_tt,res_wcs,cap_typ,-40,3.3,24.4e6,2.355120e+06,3.043993e-12,7.16896879416e-06,700,0.9817,0.25u,8u,32,5.29072e-09,1.50,7.936080e-09,9.68922e-01,9.69295e-01,3.30000e+00,3.30000e+00
min_hysteresis,mos_tt,res_wcs,cap_typ,-40,3.3,24.4e6,2.355120e+06,3.043993e-12,7.16896879416e-06,700,0.9817,0.25u,8u,32,5.29072e-09,1.60,8.465152e-09,8.61176e-01,8.61238e-01,3.30000e+00,3.30000e+00
min_hysteresis,mos_tt,res_wcs,cap_typ,-40,3.3,24.4e6,2.355120e+06,3.043993e-12,7.16896879416e-06,700,0.9817,0.25u,8u,32,5.29072e-09,1.75,9.258760e-09,7.37485e-01,7.37490e-01,3.30000e+00,3.30000e+00
min_hysteresis,mos_tt,res_wcs,cap_typ,-40,3.3,24.4e6,2.355120e+06,3.043993e-12,7.16896879416e-06,700,0.9817,0.25u,8u,32,5.29072e-09,2.00,1.058144e-08,5.95224e-01,5.95224e-01,3.30000e+00,3.30000e+00
min_hysteresis,mos_tt,res_wcs,cap_typ,-40,3.3,24.4e6,2.355120e+06,3.043993e-12,7.16896879416e-06,700,0.9817,0.25u,8u,32,5.29072e-09,2.25,1.190412e-08,4.99252e-01,4.99252e-01,3.30000e+00,3.30000e+00
min_hysteresis,mos_tt,res_wcs,cap_typ,-40,3.3,24.4e6,2.355120e+06,3.043993e-12,7.16896879416e-06,700,0.9817,0.25u,8u,32,5.29072e-09,2.50,1.322680e-08,4.29904e-01,4.29904e-01,3.30000e+00,3.30000e+00
min_hysteresis,mos_tt,res_wcs,cap_typ,-40,3.3,24.4e6,2.355120e+06,3.043993e-12,7.16896879416e-06,700,0.9817,0.25u,10u,40,5.29072e-09,1.00,5.290720e-09,3.06771e+00,3.13734e+00,8.05061e-07,-7.05273e-08
min_hysteresis,mos_tt,res_wcs,cap_typ,-40,3.3,24.4e6,2.355120e+06,3.043993e-12,7.16896879416e-06,700,0.9817,0.25u,10u,40,5.29072e-09,1.10,5.819792e-09,2.56289e+00,2.62770e+00,1.80364e-07,-2.84906e-07
min_hysteresis,mos_tt,res_wcs,cap_typ,-40,3.3,24.4e6,2.355120e+06,3.043993e-12,7.16896879416e-06,700,0.9817,0.25u,10u,40,5.29072e-09,1.20,6.348864e-09,2.46625e+00,2.52962e+00,-4.94745e-09,-6.50720e-08
min_hysteresis,mos_tt,res_wcs,cap_typ,-40,3.3,24.4e6,2.355120e+06,3.043993e-12,7.16896879416e-06,700,0.9817,0.25u,10u,40,5.29072e-09,1.25,6.613400e-09,2.41548e+00,2.47800e+00,-5.15241e-08,7.79677e-10
min_hysteresis,mos_tt,res_wcs,cap_typ,-40,3.3,24.4e6,2.355120e+06,3.043993e-12,7.16896879416e-06,700,0.9817,0.25u,10u,40,5.29072e-09,1.30,6.877936e-09,1.61286e+00,1.64155e+00,3.30000e+00,3.58844e-07
min_hysteresis,mos_tt,res_wcs,cap_typ,-40,3.3,24.4e6,2.355120e+06,3.043993e-12,7.16896879416e-06,700,0.9817,0.25u,10u,40,5.29072e-09,1.35,7.142472e-09,1.47255e+00,1.48916e+00,3.30000e+00,3.83943e-07
min_hysteresis,mos_tt,res_wcs,cap_typ,-40,3.3,24.4e6,2.355120e+06,3.043993e-12,7.16896879416e-06,700,0.9817,0.25u,10u,40,5.29072e-09,1.40,7.407008e-09,1.36926e+00,1.37931e+00,3.30000e+00,1.37888e-05
min_hysteresis,mos_tt,res_wcs,cap_typ,-40,3.3,24.4e6,2.355120e+06,3.043993e-12,7.16896879416e-06,700,0.9817,0.25u,10u,40,5.29072e-09,1.50,7.936080e-09,1.19984e+00,1.20359e+00,3.30000e+00,4.40018e-02
min_hysteresis,mos_tt,res_wcs,cap_typ,-40,3.3,24.4e6,2.355120e+06,3.043993e-12,7.16896879416e-06,700,0.9817,0.25u,10u,40,5.29072e-09,1.60,8.465152e-09,1.06736e+00,1.06854e+00,3.30000e+00,3.30000e+00
min_hysteresis,mos_tt,res_wcs,cap_typ,-40,3.3,24.4e6,2.355120e+06,3.043993e-12,7.16896879416e-06,700,0.9817,0.25u,10u,40,5.29072e-09,1.75,9.258760e-09,9.13677e-01,9.13829e-01,3.30000e+00,3.30000e+00
min_hysteresis,mos_tt,res_wcs,cap_typ,-40,3.3,24.4e6,2.355120e+06,3.043993e-12,7.16896879416e-06,700,0.9817,0.25u,10u,40,5.29072e-09,2.00,1.058144e-08,7.39079e-01,7.39085e-01,3.30000e+00,3.30000e+00
min_hysteresis,mos_tt,res_wcs,cap_typ,-40,3.3,24.4e6,2.355120e+06,3.043993e-12,7.16896879416e-06,700,0.9817,0.25u,10u,40,5.29072e-09,2.25,1.190412e-08,6.21041e-01,6.21041e-01,3.30000e+00,3.30000e+00
min_hysteresis,mos_tt,res_wcs,cap_typ,-40,3.3,24.4e6,2.355120e+06,3.043993e-12,7.16896879416e-06,700,0.9817,0.25u,10u,40,5.29072e-09,2.50,1.322680e-08,5.35483e-01,5.35483e-01,3.30000e+00,3.30000e+00
min_hysteresis,mos_tt,res_wcs,cap_typ,-40,3.3,24.4e6,2.355120e+06,3.043993e-12,7.16896879416e-06,700,0.9817,0.25u,12u,48,5.29072e-09,1.00,5.290720e-09,3.09635e+00,3.16620e+00,8.15880e-07,-5.85974e-08
min_hysteresis,mos_tt,res_wcs,cap_typ,-40,3.3,24.4e6,2.355120e+06,3.043993e-12,7.16896879416e-06,700,0.9817,0.25u,12u,48,5.29072e-09,1.10,5.819792e-09,2.67820e+00,2.74446e+00,5.36585e-07,-3.00461e-07
min_hysteresis,mos_tt,res_wcs,cap_typ,-40,3.3,24.4e6,2.355120e+06,3.043993e-12,7.16896879416e-06,700,0.9817,0.25u,12u,48,5.29072e-09,1.20,6.348864e-09,2.59802e+00,2.66327e+00,3.28840e-07,-2.79758e-07
min_hysteresis,mos_tt,res_wcs,cap_typ,-40,3.3,24.4e6,2.355120e+06,3.043993e-12,7.16896879416e-06,700,0.9817,0.25u,12u,48,5.29072e-09,1.25,6.613400e-09,2.55653e+00,2.62129e+00,1.88999e-07,-2.03585e-07
min_hysteresis,mos_tt,res_wcs,cap_typ,-40,3.3,24.4e6,2.355120e+06,3.043993e-12,7.16896879416e-06,700,0.9817,0.25u,12u,48,5.29072e-09,1.30,6.877936e-09,1.86492e+00,1.91146e+00,3.30000e+00,2.76304e-07
min_hysteresis,mos_tt,res_wcs,cap_typ,-40,3.3,24.4e6,2.355120e+06,3.043993e-12,7.16896879416e-06,700,0.9817,0.25u,12u,48,5.29072e-09,1.35,7.142472e-09,1.72198e+00,1.75819e+00,3.30000e+00,3.18351e-07
min_hysteresis,mos_tt,res_wcs,cap_typ,-40,3.3,24.4e6,2.355120e+06,3.043993e-12,7.16896879416e-06,700,0.9817,0.25u,12u,48,5.29072e-09,1.40,7.407008e-09,1.61246e+00,1.64048e+00,3.30000e+00,3.44861e-07
min_hysteresis,mos_tt,res_wcs,cap_typ,-40,3.3,24.4e6,2.355120e+06,3.043993e-12,7.16896879416e-06,700,0.9817,0.25u,12u,48,5.29072e-09,1.50,7.936080e-09,1.42301e+00,1.43771e+00,3.30000e+00,5.41900e-07
min_hysteresis,mos_tt,res_wcs,cap_typ,-40,3.3,24.4e6,2.355120e+06,3.043993e-12,7.16896879416e-06,700,0.9817,0.25u,12u,48,5.29072e-09,1.60,8.465152e-09,1.26575e+00,1.27138e+00,3.30000e+00,6.80935e-03
min_hysteresis,mos_tt,res_wcs,cap_typ,-40,3.3,24.4e6,2.355120e+06,3.043993e-12,7.16896879416e-06,700,0.9817,0.25u,12u,48,5.29072e-09,1.75,9.258760e-09,1.08582e+00,1.08741e+00,3.30000e+00,3.30000e+00
min_hysteresis,mos_tt,res_wcs,cap_typ,-40,3.3,24.4e6,2.355120e+06,3.043993e-12,7.16896879416e-06,700,0.9817,0.25u,12u,48,5.29072e-09,2.00,1.058144e-08,8.79922e-01,8.80010e-01,3.30000e+00,3.30000e+00
min_hysteresis,mos_tt,res_wcs,cap_typ,-40,3.3,24.4e6,2.355120e+06,3.043993e-12,7.16896879416e-06,700,0.9817,0.25u,12u,48,5.29072e-09,2.25,1.190412e-08,7.40567e-01,7.40574e-01,3.30000e+00,3.30000e+00
min_hysteresis,mos_tt,res_wcs,cap_typ,-40,3.3,24.4e6,2.355120e+06,3.043993e-12,7.16896879416e-06,700,0.9817,0.25u,12u,48,5.29072e-09,2.50,1.322680e-08,6.39291e-01,6.39291e-01,3.30000e+00,3.30000e+00
min_hysteresis,mos_tt,res_wcs,cap_typ,-40,3.3,24.4e6,2.355120e+06,3.043993e-12,7.16896879416e-06,700,0.9817,0.25u,16u,64,5.29072e-09,1.00,5.290720e-09,3.13089e+00,3.20098e+00,8.27838e-07,-4.51378e-08
min_hysteresis,mos_tt,res_wcs,cap_typ,-40,3.3,24.4e6,2.355120e+06,3.043993e-12,7.16896879416e-06,700,0.9817,0.25u,16u,64,5.29072e-09,1.10,5.819792e-09,2.81869e+00,2.88631e+00,6.54581e-07,-2.20519e-07
min_hysteresis,mos_tt,res_wcs,cap_typ,-40,3.3,24.4e6,2.355120e+06,3.043993e-12,7.16896879416e-06,700,0.9817,0.25u,16u,64,5.29072e-09,1.20,6.348864e-09,2.75916e+00,2.82617e+00,6.49373e-07,-1.96331e-07
min_hysteresis,mos_tt,res_wcs,cap_typ,-40,3.3,24.4e6,2.355120e+06,3.043993e-12,7.16896879416e-06,700,0.9817,0.25u,16u,64,5.29072e-09,1.25,6.613400e-09,2.72941e+00,2.79618e+00,6.54078e-07,-1.33849e-07
min_hysteresis,mos_tt,res_wcs,cap_typ,-40,3.3,24.4e6,2.355120e+06,3.043993e-12,7.16896879416e-06,700,0.9817,0.25u,16u,64,5.29072e-09,1.30,6.877936e-09,2.50864e+00,2.57300e+00,4.07065e-08,-1.78290e-07
min_hysteresis,mos_tt,res_wcs,cap_typ,-40,3.3,24.4e6,2.355120e+06,3.043993e-12,7.16896879416e-06,700,0.9817,0.25u,16u,64,5.29072e-09,1.35,7.142472e-09,2.42943e+00,2.49281e+00,-3.87139e-08,-2.77623e-08
min_hysteresis,mos_tt,res_wcs,cap_typ,-40,3.3,24.4e6,2.355120e+06,3.043993e-12,7.16896879416e-06,700,0.9817,0.25u,16u,64,5.29072e-09,1.40,7.407008e-09,2.35087e+00,2.41313e+00,-6.61484e-08,5.05056e-08
min_hysteresis,mos_tt,res_wcs,cap_typ,-40,3.3,24.4e6,2.355120e+06,3.043993e-12,7.16896879416e-06,700,0.9817,0.25u,16u,64,5.29072e-09,1.50,7.936080e-09,2.18798e+00,2.24749e+00,-9.95319e-08,1.06283e-07
min_hysteresis,mos_tt,res_wcs,cap_typ,-40,3.3,24.4e6,2.355120e+06,3.043993e-12,7.16896879416e-06,700,0.9817,0.25u,16u,64,5.29072e-09,1.60,8.465152e-09,2.04496e+00,2.09760e+00,3.22491e+00,1.65093e-07
min_hysteresis,mos_tt,res_wcs,cap_typ,-40,3.3,24.4e6,2.355120e+06,3.043993e-12,7.16896879416e-06,700,0.9817,0.25u,16u,64,5.29072e-09,1.75,9.258760e-09,1.75725e+00,1.79086e+00,3.30000e+00,2.33588e-07
min_hysteresis,mos_tt,res_wcs,cap_typ,-40,3.3,24.4e6,2.355120e+06,3.043993e-12,7.16896879416e-06,700,0.9817,0.25u,16u,64,5.29072e-09,2.00,1.058144e-08,1.38741e+00,1.39724e+00,3.30000e+00,3.98771e-06
min_hysteresis,mos_tt,res_wcs,cap_typ,-40,3.3,24.4e6,2.355120e+06,3.043993e-12,7.16896879416e-06,700,0.9817,0.25u,16u,64,5.29072e-09,2.25,1.190412e-08,1.13461e+00,1.13689e+00,3.30000e+00,3.30000e+00
min_hysteresis,mos_tt,res_wcs,cap_typ,-40,3.3,24.4e6,2.355120e+06,3.043993e-12,7.16896879416e-06,700,0.9817,0.25u,16u,64,5.29072e-09,2.50,1.322680e-08,9.60184e-01,9.60411e-01,3.30000e+00,3.30000e+00
max_threshold,mos_ss,res_bcs,cap_typ,125,3.3,3.5e6,9.653288e+05,3.045833e-12,2.9402303148904e-06,42,0.9831,2u,0.5u,0.25,8.51671e-09,1.00,8.516710e-09,3.22845e+00,3.29999e+00,4.82664e-06,3.67669e-07
max_threshold,mos_ss,res_bcs,cap_typ,125,3.3,3.5e6,9.653288e+05,3.045833e-12,2.9402303148904e-06,42,0.9831,2u,0.5u,0.25,8.51671e-09,2.00,1.703342e-08,1.74088e-01,1.74088e-01,3.30000e+00,3.30000e+00
max_threshold,mos_ss,res_bcs,cap_typ,125,3.3,3.5e6,9.653288e+05,3.045833e-12,2.9402303148904e-06,42,0.9831,2u,0.5u,0.25,8.51671e-09,4.00,3.406684e-08,1.29290e-01,1.29290e-01,3.30000e+00,3.30000e+00
max_threshold,mos_ss,res_bcs,cap_typ,125,3.3,3.5e6,9.653288e+05,3.045833e-12,2.9402303148904e-06,42,0.9831,2u,0.5u,0.25,8.51671e-09,6.00,5.110026e-08,1.13563e-01,1.13563e-01,3.30000e+00,3.30000e+00
max_threshold,mos_ss,res_bcs,cap_typ,125,3.3,3.5e6,9.653288e+05,3.045833e-12,2.9402303148904e-06,42,0.9831,2u,0.5u,0.25,8.51671e-09,8.00,6.813368e-08,9.89912e-02,9.89912e-02,3.30000e+00,3.30000e+00
max_threshold,mos_ss,res_bcs,cap_typ,125,3.3,3.5e6,9.653288e+05,3.045833e-12,2.9402303148904e-06,42,0.9831,2u,0.5u,0.25,8.51671e-09,10.00,8.516710e-08,8.54365e-02,8.54366e-02,3.30000e+00,3.30000e+00
max_threshold,mos_ss,res_bcs,cap_typ,125,3.3,3.5e6,9.653288e+05,3.045833e-12,2.9402303148904e-06,42,0.9831,2u,0.5u,0.25,8.51671e-09,12.00,1.022005e-07,7.29034e-02,7.29034e-02,3.30000e+00,3.30000e+00
max_threshold,mos_ss,res_bcs,cap_typ,125,3.3,3.5e6,9.653288e+05,3.045833e-12,2.9402303148904e-06,42,0.9831,2u,0.5u,0.25,8.51671e-09,14.00,1.192339e-07,6.13975e-02,6.13975e-02,3.30000e+00,3.30000e+00
max_threshold,mos_ss,res_bcs,cap_typ,125,3.3,3.5e6,9.653288e+05,3.045833e-12,2.9402303148904e-06,42,0.9831,2u,0.5u,0.25,8.51671e-09,16.00,1.362674e-07,5.09252e-02,5.09252e-02,3.30000e+00,3.30000e+00
max_threshold,mos_ss,res_bcs,cap_typ,125,3.3,3.5e6,9.653288e+05,3.045833e-12,2.9402303148904e-06,42,0.9831,2u,0.5u,0.25,8.51671e-09,18.00,1.533008e-07,4.14927e-02,4.14927e-02,3.30000e+00,3.30000e+00
max_threshold,mos_ss,res_bcs,cap_typ,125,3.3,3.5e6,9.653288e+05,3.045833e-12,2.9402303148904e-06,42,0.9831,2u,0.5u,0.25,8.51671e-09,20.00,1.703342e-07,3.31043e-02,3.31044e-02,3.30000e+00,3.30000e+00
max_threshold,mos_ss,res_bcs,cap_typ,125,3.3,3.5e6,9.653288e+05,3.045833e-12,2.9402303148904e-06,42,0.9831,2u,0.5u,0.25,8.51671e-09,22.00,1.873676e-07,2.57662e-02,2.57662e-02,3.30000e+00,3.30000e+00
max_threshold,mos_ss,res_bcs,cap_typ,125,3.3,3.5e6,9.653288e+05,3.045833e-12,2.9402303148904e-06,42,0.9831,2u,0.5u,0.25,8.51671e-09,24.00,2.044010e-07,1.94846e-02,1.94846e-02,3.30000e+00,3.30000e+00
max_threshold,mos_ss,res_bcs,cap_typ,125,3.3,3.5e6,9.653288e+05,3.045833e-12,2.9402303148904e-06,42,0.9831,0.5u,4u,8,8.51671e-09,1.00,8.516710e-09,3.22854e+00,3.30000e+00,4.82308e-06,3.67690e-07
max_threshold,mos_ss,res_bcs,cap_typ,125,3.3,3.5e6,9.653288e+05,3.045833e-12,2.9402303148904e-06,42,0.9831,0.5u,4u,8,8.51671e-09,2.00,1.703342e-08,2.51006e+00,2.57237e+00,1.00103e-06,5.18666e-07
max_threshold,mos_ss,res_bcs,cap_typ,125,3.3,3.5e6,9.653288e+05,3.045833e-12,2.9402303148904e-06,42,0.9831,0.5u,4u,8,8.51671e-09,4.00,3.406684e-08,1.38350e+00,1.39092e+00,3.30000e+00,3.30705e-03
max_threshold,mos_ss,res_bcs,cap_typ,125,3.3,3.5e6,9.653288e+05,3.045833e-12,2.9402303148904e-06,42,0.9831,0.5u,4u,8,8.51671e-09,6.00,5.110026e-08,8.95698e-01,8.95777e-01,3.30000e+00,3.30000e+00
max_threshold,mos_ss,res_bcs,cap_typ,125,3.3,3.5e6,9.653288e+05,3.045833e-12,2.9402303148904e-06,42,0.9831,0.5u,4u,8,8.51671e-09,8.00,6.813368e-08,6.63395e-01,6.63396e-01,3.30000e+00,3.30000e+00
max_threshold,mos_ss,res_bcs,cap_typ,125,3.3,3.5e6,9.653288e+05,3.045833e-12,2.9402303148904e-06,42,0.9831,0.5u,4u,8,8.51671e-09,10.00,8.516710e-08,5.27469e-01,5.27469e-01,3.30000e+00,3.30000e+00
max_threshold,mos_ss,res_bcs,cap_typ,125,3.3,3.5e6,9.653288e+05,3.045833e-12,2.9402303148904e-06,42,0.9831,0.5u,4u,8,8.51671e-09,12.00,1.022005e-07,4.38077e-01,4.38077e-01,3.30000e+00,3.30000e+00
max_threshold,mos_ss,res_bcs,cap_typ,125,3.3,3.5e6,9.653288e+05,3.045833e-12,2.9402303148904e-06,42,0.9831,0.5u,4u,8,8.51671e-09,14.00,1.192339e-07,3.74685e-01,3.74685e-01,3.30000e+00,3.30000e+00
max_threshold,mos_ss,res_bcs,cap_typ,125,3.3,3.5e6,9.653288e+05,3.045833e-12,2.9402303148904e-06,42,0.9831,0.5u,4u,8,8.51671e-09,16.00,1.362674e-07,3.27238e-01,3.27238e-01,3.30000e+00,3.30000e+00
max_threshold,mos_ss,res_bcs,cap_typ,125,3.3,3.5e6,9.653288e+05,3.045833e-12,2.9402303148904e-06,42,0.9831,0.5u,4u,8,8.51671e-09,18.00,1.533008e-07,2.90275e-01,2.90275e-01,3.30000e+00,3.30000e+00
max_threshold,mos_ss,res_bcs,cap_typ,125,3.3,3.5e6,9.653288e+05,3.045833e-12,2.9402303148904e-06,42,0.9831,0.5u,4u,8,8.51671e-09,20.00,1.703342e-07,2.60575e-01,2.60575e-01,3.30000e+00,3.30000e+00
max_threshold,mos_ss,res_bcs,cap_typ,125,3.3,3.5e6,9.653288e+05,3.045833e-12,2.9402303148904e-06,42,0.9831,0.5u,4u,8,8.51671e-09,22.00,1.873676e-07,2.36147e-01,2.36147e-01,3.30000e+00,3.30000e+00
max_threshold,mos_ss,res_bcs,cap_typ,125,3.3,3.5e6,9.653288e+05,3.045833e-12,2.9402303148904e-06,42,0.9831,0.5u,4u,8,8.51671e-09,24.00,2.044010e-07,2.15686e-01,2.15686e-01,3.30000e+00,3.30000e+00
max_threshold,mos_ss,res_bcs,cap_typ,125,3.3,3.5e6,9.653288e+05,3.045833e-12,2.9402303148904e-06,42,0.9831,0.35u,6u,17.14,8.51671e-09,1.00,8.516710e-09,3.22854e+00,3.30000e+00,4.82273e-06,3.67692e-07
max_threshold,mos_ss,res_bcs,cap_typ,125,3.3,3.5e6,9.653288e+05,3.045833e-12,2.9402303148904e-06,42,0.9831,0.35u,6u,17.14,8.51671e-09,2.00,1.703342e-08,2.87242e+00,2.94051e+00,4.07761e-06,-1.38723e-07
max_threshold,mos_ss,res_bcs,cap_typ,125,3.3,3.5e6,9.653288e+05,3.045833e-12,2.9402303148904e-06,42,0.9831,0.35u,6u,17.14,8.51671e-09,4.00,3.406684e-08,2.18868e+00,2.24352e+00,4.06990e-07,8.95229e-07
max_threshold,mos_ss,res_bcs,cap_typ,125,3.3,3.5e6,9.653288e+05,3.045833e-12,2.9402303148904e-06,42,0.9831,0.35u,6u,17.14,8.51671e-09,6.00,5.110026e-08,1.61517e+00,1.63464e+00,3.30000e+00,1.72000e-06
max_threshold,mos_ss,res_bcs,cap_typ,125,3.3,3.5e6,9.653288e+05,3.045833e-12,2.9402303148904e-06,42,0.9831,0.35u,6u,17.14,8.51671e-09,8.00,6.813368e-08,1.23802e+00,1.24706e+00,3.30000e+00,3.30000e+00
max_threshold,mos_ss,res_bcs,cap_typ,125,3.3,3.5e6,9.653288e+05,3.045833e-12,2.9402303148904e-06,42,0.9831,0.35u,6u,17.14,8.51671e-09,10.00,8.516710e-08,1.00072e+00,1.00103e+00,3.30000e+00,3.30000e+00
max_threshold,mos_ss,res_bcs,cap_typ,125,3.3,3.5e6,9.653288e+05,3.045833e-12,2.9402303148904e-06,42,0.9831,0.35u,6u,17.14,8.51671e-09,12.00,1.022005e-07,8.39634e-01,8.39664e-01,3.30000e+00,3.30000e+00
max_threshold,mos_ss,res_bcs,cap_typ,125,3.3,3.5e6,9.653288e+05,3.045833e-12,2.9402303148904e-06,42,0.9831,0.35u,6u,17.14,8.51671e-09,14.00,1.192339e-07,7.23141e-01,7.23144e-01,3.30000e+00,3.30000e+00
max_threshold,mos_ss,res_bcs,cap_typ,125,3.3,3.5e6,9.653288e+05,3.045833e-12,2.9402303148904e-06,42,0.9831,0.35u,6u,17.14,8.51671e-09,16.00,1.362674e-07,6.34937e-01,6.34937e-01,3.30000e+00,3.30000e+00
max_threshold,mos_ss,res_bcs,cap_typ,125,3.3,3.5e6,9.653288e+05,3.045833e-12,2.9402303148904e-06,42,0.9831,0.35u,6u,17.14,8.51671e-09,18.00,1.533008e-07,5.65797e-01,5.65798e-01,3.30000e+00,3.30000e+00
max_threshold,mos_ss,res_bcs,cap_typ,125,3.3,3.5e6,9.653288e+05,3.045833e-12,2.9402303148904e-06,42,0.9831,0.35u,6u,17.14,8.51671e-09,20.00,1.703342e-07,5.10115e-01,5.10115e-01,3.30000e+00,3.30000e+00
max_threshold,mos_ss,res_bcs,cap_typ,125,3.3,3.5e6,9.653288e+05,3.045833e-12,2.9402303148904e-06,42,0.9831,0.35u,6u,17.14,8.51671e-09,22.00,1.873676e-07,4.64299e-01,4.64299e-01,3.30000e+00,3.30000e+00
max_threshold,mos_ss,res_bcs,cap_typ,125,3.3,3.5e6,9.653288e+05,3.045833e-12,2.9402303148904e-06,42,0.9831,0.35u,6u,17.14,8.51671e-09,24.00,2.044010e-07,4.25942e-01,4.25942e-01,3.30000e+00,3.30000e+00
max_threshold,mos_ss,res_bcs,cap_typ,125,3.3,3.5e6,9.653288e+05,3.045833e-12,2.9402303148904e-06,42,0.9831,0.25u,8u,32,8.51671e-09,1.00,8.516710e-09,3.22855e+00,3.30000e+00,4.82249e-06,3.67692e-07
max_threshold,mos_ss,res_bcs,cap_typ,125,3.3,3.5e6,9.653288e+05,3.045833e-12,2.9402303148904e-06,42,0.9831,0.25u,8u,32,8.51671e-09,2.00,1.703342e-08,3.01080e+00,3.08037e+00,4.50519e-06,6.17976e-08
max_threshold,mos_ss,res_bcs,cap_typ,125,3.3,3.5e6,9.653288e+05,3.045833e-12,2.9402303148904e-06,42,0.9831,0.25u,8u,32,8.51671e-09,4.00,3.406684e-08,2.58482e+00,2.64917e+00,1.20640e-06,1.70131e-07
max_threshold,mos_ss,res_bcs,cap_typ,125,3.3,3.5e6,9.653288e+05,3.045833e-12,2.9402303148904e-06,42,0.9831,0.25u,8u,32,8.51671e-09,6.00,5.110026e-08,2.17169e+00,2.22655e+00,2.95684e-07,8.12659e-07
max_threshold,mos_ss,res_bcs,cap_typ,125,3.3,3.5e6,9.653288e+05,3.045833e-12,2.9402303148904e-06,42,0.9831,0.25u,8u,32,8.51671e-09,8.00,6.813368e-08,1.80265e+00,1.83487e+00,3.29997e+00,1.15832e-06
max_threshold,mos_ss,res_bcs,cap_typ,125,3.3,3.5e6,9.653288e+05,3.045833e-12,2.9402303148904e-06,42,0.9831,0.25u,8u,32,8.51671e-09,10.00,8.516710e-08,1.50454e+00,1.51711e+00,3.30000e+00,2.22309e-05
max_threshold,mos_ss,res_bcs,cap_typ,125,3.3,3.5e6,9.653288e+05,3.045833e-12,2.9402303148904e-06,42,0.9831,0.25u,8u,32,8.51671e-09,12.00,1.022005e-07,1.28228e+00,1.28601e+00,3.30000e+00,3.09798e-02
max_threshold,mos_ss,res_bcs,cap_typ,125,3.3,3.5e6,9.653288e+05,3.045833e-12,2.9402303148904e-06,42,0.9831,0.25u,8u,32,8.51671e-09,14.00,1.192339e-07,1.11573e+00,1.11688e+00,3.30000e+00,3.30000e+00
max_threshold,mos_ss,res_bcs,cap_typ,125,3.3,3.5e6,9.653288e+05,3.045833e-12,2.9402303148904e-06,42,0.9831,0.25u,8u,32,8.51671e-09,16.00,1.362674e-07,9.87109e-01,9.87377e-01,3.30000e+00,3.30000e+00
max_threshold,mos_ss,res_bcs,cap_typ,125,3.3,3.5e6,9.653288e+05,3.045833e-12,2.9402303148904e-06,42,0.9831,0.25u,8u,32,8.51671e-09,18.00,1.533008e-07,8.84890e-01,8.84955e-01,3.30000e+00,3.30000e+00
max_threshold,mos_ss,res_bcs,cap_typ,125,3.3,3.5e6,9.653288e+05,3.045833e-12,2.9402303148904e-06,42,0.9831,0.25u,8u,32,8.51671e-09,20.00,1.703342e-07,8.01706e-01,8.01722e-01,3.30000e+00,3.30000e+00
max_threshold,mos_ss,res_bcs,cap_typ,125,3.3,3.5e6,9.653288e+05,3.045833e-12,2.9402303148904e-06,42,0.9831,0.25u,8u,32,8.51671e-09,22.00,1.873676e-07,7.32700e-01,7.32704e-01,3.30000e+00,3.30000e+00
max_threshold,mos_ss,res_bcs,cap_typ,125,3.3,3.5e6,9.653288e+05,3.045833e-12,2.9402303148904e-06,42,0.9831,0.25u,8u,32,8.51671e-09,24.00,2.044010e-07,6.74549e-01,6.74550e-01,3.30000e+00,3.30000e+00
max_threshold,mos_ss,res_bcs,cap_typ,125,3.3,3.5e6,9.653288e+05,3.045833e-12,2.9402303148904e-06,42,0.9831,0.25u,10u,40,8.51671e-09,1.00,8.516710e-09,3.22855e+00,3.30000e+00,4.82251e-06,3.67693e-07
max_threshold,mos_ss,res_bcs,cap_typ,125,3.3,3.5e6,9.653288e+05,3.045833e-12,2.9402303148904e-06,42,0.9831,0.25u,10u,40,8.51671e-09,2.00,1.703342e-08,3.05490e+00,3.12490e+00,4.58383e-06,1.35857e-07
max_threshold,mos_ss,res_bcs,cap_typ,125,3.3,3.5e6,9.653288e+05,3.045833e-12,2.9402303148904e-06,42,0.9831,0.25u,10u,40,8.51671e-09,4.00,3.406684e-08,2.71415e+00,2.78059e+00,2.48011e-06,-1.42660e-07
max_threshold,mos_ss,res_bcs,cap_typ,125,3.3,3.5e6,9.653288e+05,3.045833e-12,2.9402303148904e-06,42,0.9831,0.25u,10u,40,8.51671e-09,6.00,5.110026e-08,2.37866e+00,2.43934e+00,4.14524e-07,5.37543e-07
max_threshold,mos_ss,res_bcs,cap_typ,125,3.3,3.5e6,9.653288e+05,3.045833e-12,2.9402303148904e-06,42,0.9831,0.25u,10u,40,8.51671e-09,8.00,6.813368e-08,2.05373e+00,2.10748e+00,2.38157e-07,8.99318e-07
max_threshold,mos_ss,res_bcs,cap_typ,125,3.3,3.5e6,9.653288e+05,3.045833e-12,2.9402303148904e-06,42,0.9831,0.25u,10u,40,8.51671e-09,10.00,8.516710e-08,1.77127e+00,1.80149e+00,3.30000e+00,1.13140e-06
max_threshold,mos_ss,res_bcs,cap_typ,125,3.3,3.5e6,9.653288e+05,3.045833e-12,2.9402303148904e-06,42,0.9831,0.25u,10u,40,8.51671e-09,12.00,1.022005e-07,1.53053e+00,1.54458e+00,3.30000e+00,6.94053e-06
max_threshold,mos_ss,res_bcs,cap_typ,125,3.3,3.5e6,9.653288e+05,3.045833e-12,2.9402303148904e-06,42,0.9831,0.25u,10u,40,8.51671e-09,14.00,1.192339e-07,1.34264e+00,1.34803e+00,3.30000e+00,7.42272e-03
max_threshold,mos_ss,res_bcs,cap_typ,125,3.3,3.5e6,9.653288e+05,3.045833e-12,2.9402303148904e-06,42,0.9831,0.25u,10u,40,8.51671e-09,16.00,1.362674e-07,1.19427e+00,1.19724e+00,3.30000e+00,3.30000e+00
max_threshold,mos_ss,res_bcs,cap_typ,125,3.3,3.5e6,9.653288e+05,3.045833e-12,2.9402303148904e-06,42,0.9831,0.25u,10u,40,8.51671e-09,18.00,1.533008e-07,1.07495e+00,1.07569e+00,3.30000e+00,3.30000e+00
max_threshold,mos_ss,res_bcs,cap_typ,125,3.3,3.5e6,9.653288e+05,3.045833e-12,2.9402303148904e-06,42,0.9831,0.25u,10u,40,8.51671e-09,20.00,1.703342e-07,9.77063e-01,9.77302e-01,3.30000e+00,3.30000e+00
max_threshold,mos_ss,res_bcs,cap_typ,125,3.3,3.5e6,9.653288e+05,3.045833e-12,2.9402303148904e-06,42,0.9831,0.25u,10u,40,8.51671e-09,22.00,1.873676e-07,8.95357e-01,8.95434e-01,3.30000e+00,3.30000e+00
max_threshold,mos_ss,res_bcs,cap_typ,125,3.3,3.5e6,9.653288e+05,3.045833e-12,2.9402303148904e-06,42,0.9831,0.25u,10u,40,8.51671e-09,24.00,2.044010e-07,8.26158e-01,8.26183e-01,3.30000e+00,3.30000e+00
max_threshold,mos_ss,res_bcs,cap_typ,125,3.3,3.5e6,9.653288e+05,3.045833e-12,2.9402303148904e-06,42,0.9831,0.25u,12u,48,8.51671e-09,1.00,8.516710e-09,3.22855e+00,3.30000e+00,4.82251e-06,3.67693e-07
max_threshold,mos_ss,res_bcs,cap_typ,125,3.3,3.5e6,9.653288e+05,3.045833e-12,2.9402303148904e-06,42,0.9831,0.25u,12u,48,8.51671e-09,2.00,1.703342e-08,3.07466e+00,3.14489e+00,4.60991e-06,1.58509e-07
max_threshold,mos_ss,res_bcs,cap_typ,125,3.3,3.5e6,9.653288e+05,3.045833e-12,2.9402303148904e-06,42,0.9831,0.25u,12u,48,8.51671e-09,4.00,3.406684e-08,2.79113e+00,2.85864e+00,3.43138e-06,-1.94471e-07
max_threshold,mos_ss,res_bcs,cap_typ,125,3.3,3.5e6,9.653288e+05,3.045833e-12,2.9402303148904e-06,42,0.9831,0.25u,12u,48,8.51671e-09,6.00,5.110026e-08,2.51021e+00,2.57383e+00,7.55074e-07,3.00830e-07
max_threshold,mos_ss,res_bcs,cap_typ,125,3.3,3.5e6,9.653288e+05,3.045833e-12,2.9402303148904e-06,42,0.9831,0.25u,12u,48,8.51671e-09,8.00,6.813368e-08,2.23539e+00,2.29289e+00,2.55719e-07,6.96315e-07
max_threshold,mos_ss,res_bcs,cap_typ,125,3.3,3.5e6,9.653288e+05,3.045833e-12,2.9402303148904e-06,42,0.9831,0.25u,12u,48,8.51671e-09,10.00,8.516710e-08,1.97763e+00,2.02184e+00,3.27509e+00,9.59109e-07
max_threshold,mos_ss,res_bcs,cap_typ,125,3.3,3.5e6,9.653288e+05,3.045833e-12,2.9402303148904e-06,42,0.9831,0.25u,12u,48,8.51671e-09,12.00,1.022005e-07,1.74471e+00,1.77339e+00,3.30000e+00,1.14734e-06
max_threshold,mos_ss,res_bcs,cap_typ,125,3.3,3.5e6,9.653288e+05,3.045833e-12,2.9402303148904e-06,42,0.9831,0.25u,12u,48,8.51671e-09,14.00,1.192339e-07,1.54709e+00,1.56218e+00,3.30000e+00,3.59577e-06
max_threshold,mos_ss,res_bcs,cap_typ,125,3.3,3.5e6,9.653288e+05,3.045833e-12,2.9402303148904e-06,42,0.9831,0.25u,12u,48,8.51671e-09,16.00,1.362674e-07,1.38487e+00,1.39174e+00,3.30000e+00,1.97607e-03
max_threshold,mos_ss,res_bcs,cap_typ,125,3.3,3.5e6,9.653288e+05,3.045833e-12,2.9402303148904e-06,42,0.9831,0.25u,12u,48,8.51671e-09,18.00,1.533008e-07,1.25194e+00,1.25497e+00,3.30000e+00,5.16454e-02
max_threshold,mos_ss,res_bcs,cap_typ,125,3.3,3.5e6,9.653288e+05,3.045833e-12,2.9402303148904e-06,42,0.9831,0.25u,12u,48,8.51671e-09,20.00,1.703342e-07,1.14175e+00,1.14330e+00,3.30000e+00,3.30000e+00
max_threshold,mos_ss,res_bcs,cap_typ,125,3.3,3.5e6,9.653288e+05,3.045833e-12,2.9402303148904e-06,42,0.9831,0.25u,12u,48,8.51671e-09,22.00,1.873676e-07,1.04913e+00,1.04969e+00,3.30000e+00,3.30000e+00
max_threshold,mos_ss,res_bcs,cap_typ,125,3.3,3.5e6,9.653288e+05,3.045833e-12,2.9402303148904e-06,42,0.9831,0.25u,12u,48,8.51671e-09,24.00,2.044010e-07,9.70248e-01,9.70468e-01,3.30000e+00,3.30000e+00
max_threshold,mos_ss,res_bcs,cap_typ,125,3.3,3.5e6,9.653288e+05,3.045833e-12,2.9402303148904e-06,42,0.9831,0.25u,16u,64,8.51671e-09,1.00,8.516710e-09,3.22855e+00,3.30000e+00,4.82249e-06,3.67693e-07
max_threshold,mos_ss,res_bcs,cap_typ,125,3.3,3.5e6,9.653288e+05,3.045833e-12,2.9402303148904e-06,42,0.9831,0.25u,16u,64,8.51671e-09,2.00,1.703342e-08,3.10999e+00,3.18055e+00,4.66110e-06,2.06787e-07
max_threshold,mos_ss,res_bcs,cap_typ,125,3.3,3.5e6,9.653288e+05,3.045833e-12,2.9402303148904e-06,42,0.9831,0.25u,16u,64,8.51671e-09,4.00,3.406684e-08,2.89785e+00,2.96660e+00,4.22922e-06,-9.75214e-08
max_threshold,mos_ss,res_bcs,cap_typ,125,3.3,3.5e6,9.653288e+05,3.045833e-12,2.9402303148904e-06,42,0.9831,0.25u,16u,64,8.51671e-09,6.00,5.110026e-08,2.68657e+00,2.75308e+00,2.10125e-06,-1.19162e-07
max_threshold,mos_ss,res_bcs,cap_typ,125,3.3,3.5e6,9.653288e+05,3.045833e-12,2.9402303148904e-06,42,0.9831,0.25u,16u,64,8.51671e-09,8.00,6.813368e-08,2.47732e+00,2.54068e+00,6.07492e-07,3.47320e-07
max_threshold,mos_ss,res_bcs,cap_typ,125,3.3,3.5e6,9.653288e+05,3.045833e-12,2.9402303148904e-06,42,0.9831,0.25u,16u,64,8.51671e-09,10.00,8.516710e-08,2.27146e+00,2.33043e+00,2.49527e-07,6.37726e-07
max_threshold,mos_ss,res_bcs,cap_typ,125,3.3,3.5e6,9.653288e+05,3.045833e-12,2.9402303148904e-06,42,0.9831,0.25u,16u,64,8.51671e-09,12.00,1.022005e-07,2.06966e+00,2.12463e+00,1.82568e-07,8.42951e-07
max_threshold,mos_ss,res_bcs,cap_typ,125,3.3,3.5e6,9.653288e+05,3.045833e-12,2.9402303148904e-06,42,0.9831,0.25u,16u,64,8.51671e-09,14.00,1.192339e-07,1.88884e+00,1.92796e+00,3.29874e+00,1.01052e-06
max_threshold,mos_ss,res_bcs,cap_typ,125,3.3,3.5e6,9.653288e+05,3.045833e-12,2.9402303148904e-06,42,0.9831,0.25u,16u,64,8.51671e-09,16.00,1.362674e-07,1.72010e+00,1.74734e+00,3.30000e+00,1.13212e-06
max_threshold,mos_ss,res_bcs,cap_typ,125,3.3,3.5e6,9.653288e+05,3.045833e-12,2.9402303148904e-06,42,0.9831,0.25u,16u,64,8.51671e-09,18.00,1.533008e-07,1.57200e+00,1.58880e+00,3.30000e+00,1.79370e-06
max_threshold,mos_ss,res_bcs,cap_typ,125,3.3,3.5e6,9.653288e+05,3.045833e-12,2.9402303148904e-06,42,0.9831,0.25u,16u,64,8.51671e-09,20.00,1.703342e-07,1.44429e+00,1.45378e+00,3.30000e+00,1.66816e-04
max_threshold,mos_ss,res_bcs,cap_typ,125,3.3,3.5e6,9.653288e+05,3.045833e-12,2.9402303148904e-06,42,0.9831,0.25u,16u,64,8.51671e-09,22.00,1.873676e-07,1.33449e+00,1.33965e+00,3.30000e+00,7.76015e-03
max_threshold,mos_ss,res_bcs,cap_typ,125,3.3,3.5e6,9.653288e+05,3.045833e-12,2.9402303148904e-06,42,0.9831,0.25u,16u,64,8.51671e-09,24.00,2.044010e-07,1.23966e+00,1.24247e+00,3.30000e+00,6.09631e-02
