pvt_bundle,band_code,kvco_interval,kvco_hz_per_v,fvco_hz,fref_hz,n_div,trim_code,icp_a,fc_hz,pm_deg,fc_ceiling_hz,meets_ceiling,meets_pm45
typ,00,low,6.519822e+07,5.135223e+08,4.500000e+06,114,2.5u,2.517839e-06,1.492040e+05,26.792,4.500000e+05,yes,no
typ,00,low,6.519822e+07,5.135223e+08,4.500000e+06,114,5u,5.029259e-06,2.252470e+05,36.514,4.500000e+05,yes,no
typ,00,low,6.519822e+07,5.135223e+08,4.500000e+06,114,10u,1.004607e-05,3.601103e+05,47.624,4.500000e+05,yes,yes
typ,00,low,6.519822e+07,5.135223e+08,4.500000e+06,114,20u,2.006843e-05,6.225029e+05,56.764,4.500000e+05,no,yes
typ,00,low,6.519822e+07,5.135223e+08,4.500000e+06,114,40u,4.008966e-05,1.134788e+06,58.883,4.500000e+05,no,yes
typ,00,low,6.519822e+07,5.135223e+08,4.500000e+06,114,80u,8.007441e-05,2.026136e+06,52.543,4.500000e+05,no,yes
typ,00,low,6.519822e+07,5.135223e+08,5.500000e+06,93,2.5u,2.517839e-06,1.677065e+05,29.428,5.500000e+05,yes,no
typ,00,low,6.519822e+07,5.135223e+08,5.500000e+06,93,5u,5.029259e-06,2.567294e+05,39.728,5.500000e+05,yes,no
typ,00,low,6.519822e+07,5.135223e+08,5.500000e+06,93,10u,1.004607e-05,4.195561e+05,50.748,5.500000e+05,yes,yes
typ,00,low,6.519822e+07,5.135223e+08,5.500000e+06,93,20u,2.006843e-05,7.407996e+05,58.298,5.500000e+05,no,yes
typ,00,low,6.519822e+07,5.135223e+08,5.500000e+06,93,40u,4.008966e-05,1.353451e+06,57.794,5.500000e+05,no,yes
typ,00,low,6.519822e+07,5.135223e+08,5.500000e+06,93,80u,8.007441e-05,2.371115e+06,49.583,5.500000e+05,no,yes
typ,00,low,6.519822e+07,5.135223e+08,6.500000e+06,79,2.5u,2.517839e-06,1.846082e+05,31.682,6.500000e+05,yes,no
typ,00,low,6.519822e+07,5.135223e+08,6.500000e+06,79,5u,5.029259e-06,2.862748e+05,42.368,6.500000e+05,yes,no
typ,00,low,6.519822e+07,5.135223e+08,6.500000e+06,79,10u,1.004607e-05,4.766564e+05,53.047,6.500000e+05,yes,yes
typ,00,low,6.519822e+07,5.135223e+08,6.500000e+06,79,20u,2.006843e-05,8.536984e+05,58.999,6.500000e+05,no,yes
typ,00,low,6.519822e+07,5.135223e+08,6.500000e+06,79,40u,4.008966e-05,1.554400e+06,56.410,6.500000e+05,no,yes
typ,00,low,6.519822e+07,5.135223e+08,6.500000e+06,79,80u,8.007441e-05,2.675570e+06,47.033,6.500000e+05,no,yes
typ,00,low,6.519822e+07,5.135223e+08,7.500000e+06,68,2.5u,2.517839e-06,2.020706e+05,33.857,7.500000e+05,yes,no
typ,00,low,6.519822e+07,5.135223e+08,7.500000e+06,68,5u,5.029259e-06,3.175439e+05,44.809,7.500000e+05,yes,no
typ,00,low,6.519822e+07,5.135223e+08,7.500000e+06,68,10u,1.004607e-05,5.380384e+05,54.928,7.500000e+05,yes,yes
typ,00,low,6.519822e+07,5.135223e+08,7.500000e+06,68,20u,2.006843e-05,9.734546e+05,59.199,7.500000e+05,no,yes
typ,00,low,6.519822e+07,5.135223e+08,7.500000e+06,68,40u,4.008966e-05,1.760022e+06,54.787,7.500000e+05,no,yes
typ,00,low,6.519822e+07,5.135223e+08,7.500000e+06,68,80u,8.007441e-05,2.977819e+06,44.615,7.500000e+05,no,no
typ,00,mid,2.031675e+08,5.940320e+08,5.500000e+06,108,2.5u,2.517839e-06,3.135798e+05,44.518,5.500000e+05,yes,no
typ,00,mid,2.031675e+08,5.940320e+08,5.500000e+06,108,5u,5.029259e-06,5.302009e+05,54.717,5.500000e+05,yes,yes
typ,00,mid,2.031675e+08,5.940320e+08,5.500000e+06,108,10u,1.004607e-05,9.582263e+05,59.198,5.500000e+05,no,yes
typ,00,mid,2.031675e+08,5.940320e+08,5.500000e+06,108,20u,2.006843e-05,1.734268e+06,54.998,5.500000e+05,no,yes
typ,00,mid,2.031675e+08,5.940320e+08,5.500000e+06,108,40u,4.008966e-05,2.940664e+06,44.905,5.500000e+05,no,no
typ,00,mid,2.031675e+08,5.940320e+08,5.500000e+06,108,80u,8.007441e-05,4.623557e+06,33.946,5.500000e+05,no,no
typ,00,mid,2.031675e+08,5.940320e+08,6.500000e+06,91,2.5u,2.517839e-06,3.544059e+05,47.277,6.500000e+05,yes,yes
typ,00,mid,2.031675e+08,5.940320e+08,6.500000e+06,91,5u,5.029259e-06,6.111080e+05,56.558,6.500000e+05,yes,yes
typ,00,mid,2.031675e+08,5.940320e+08,6.500000e+06,91,10u,1.004607e-05,1.113212e+06,58.954,6.500000e+05,no,yes
typ,00,mid,2.031675e+08,5.940320e+08,6.500000e+06,91,20u,2.006843e-05,1.991368e+06,52.841,6.500000e+05,no,yes
typ,00,mid,2.031675e+08,5.940320e+08,6.500000e+06,91,40u,4.008966e-05,3.309926e+06,42.118,6.500000e+05,no,no
typ,00,mid,2.031675e+08,5.940320e+08,6.500000e+06,91,80u,8.007441e-05,5.126023e+06,31.465,6.500000e+05,no,no
typ,00,mid,2.031675e+08,5.940320e+08,7.500000e+06,79,2.5u,2.517839e-06,3.935707e+05,49.486,7.500000e+05,yes,yes
typ,00,mid,2.031675e+08,5.940320e+08,7.500000e+06,79,5u,5.029259e-06,6.890687e+05,57.749,7.500000e+05,yes,yes
typ,00,mid,2.031675e+08,5.940320e+08,7.500000e+06,79,10u,1.004607e-05,1.258812e+06,58.335,7.500000e+05,no,yes
typ,00,mid,2.031675e+08,5.940320e+08,7.500000e+06,79,20u,2.006843e-05,2.224006e+06,50.842,7.500000e+05,no,yes
typ,00,mid,2.031675e+08,5.940320e+08,7.500000e+06,79,40u,4.008966e-05,3.637290e+06,39.830,7.500000e+05,no,no
typ,00,mid,2.031675e+08,5.940320e+08,7.500000e+06,79,80u,8.007441e-05,5.570559e+06,29.515,7.500000e+05,no,no
typ,00,mid,2.031675e+08,5.940320e+08,9.000000e+06,66,2.5u,2.517839e-06,4.519357e+05,52.125,9.000000e+05,yes,yes
typ,00,mid,2.031675e+08,5.940320e+08,9.000000e+06,66,5u,5.029259e-06,8.049022e+05,58.769,9.000000e+05,yes,yes
typ,00,mid,2.031675e+08,5.940320e+08,9.000000e+06,66,10u,1.004607e-05,1.468361e+06,57.034,9.000000e+05,no,yes
typ,00,mid,2.031675e+08,5.940320e+08,9.000000e+06,66,20u,2.006843e-05,2.546712e+06,48.100,9.000000e+05,no,yes
typ,00,mid,2.031675e+08,5.940320e+08,9.000000e+06,66,40u,4.008966e-05,4.084448e+06,36.983,9.000000e+05,no,no
typ,00,mid,2.031675e+08,5.940320e+08,9.000000e+06,66,80u,8.007441e-05,6.177803e+06,27.171,9.000000e+05,no,no
typ,00,top,2.059677e+08,8.491888e+08,7.500000e+06,113,2.5u,2.517839e-06,3.067472e+05,44.004,7.500000e+05,yes,no
typ,00,top,2.059677e+08,8.491888e+08,7.500000e+06,113,5u,5.029259e-06,5.167443e+05,54.336,7.500000e+05,yes,yes
typ,00,top,2.059677e+08,8.491888e+08,7.500000e+06,113,10u,1.004607e-05,9.320831e+05,59.181,7.500000e+05,no,yes
typ,00,top,2.059677e+08,8.491888e+08,7.500000e+06,113,20u,2.006843e-05,1.689801e+06,55.357,7.500000e+05,no,yes
typ,00,top,2.059677e+08,8.491888e+08,7.500000e+06,113,40u,4.008966e-05,2.875771e+06,45.417,7.500000e+05,no,yes
typ,00,top,2.059677e+08,8.491888e+08,7.500000e+06,113,80u,8.007441e-05,4.534995e+06,34.417,7.500000e+05,no,no
typ,00,top,2.059677e+08,8.491888e+08,9.000000e+06,94,2.5u,2.517839e-06,3.496066e+05,46.979,9.000000e+05,yes,yes
typ,00,top,2.059677e+08,8.491888e+08,9.000000e+06,94,5u,5.029259e-06,6.015645e+05,56.377,9.000000e+05,yes,yes
typ,00,top,2.059677e+08,8.491888e+08,9.000000e+06,94,10u,1.004607e-05,1.095134e+06,59.008,9.000000e+05,no,yes
typ,00,top,2.059677e+08,8.491888e+08,9.000000e+06,94,20u,2.006843e-05,1.961912e+06,53.092,9.000000e+05,no,yes
typ,00,top,2.059677e+08,8.491888e+08,9.000000e+06,94,40u,4.008966e-05,3.268070e+06,42.423,9.000000e+05,no,no
typ,00,top,2.059677e+08,8.491888e+08,9.000000e+06,94,80u,8.007441e-05,5.069158e+06,31.730,9.000000e+05,no,no
typ,00,top,2.059677e+08,8.491888e+08,1.100000e+07,77,2.5u,2.517839e-06,4.054658e+05,50.082,1.100000e+06,yes,yes
typ,00,top,2.059677e+08,8.491888e+08,1.100000e+07,77,5u,5.029259e-06,7.127338e+05,58.021,1.100000e+06,yes,yes
typ,00,top,2.059677e+08,8.491888e+08,1.100000e+07,77,10u,1.004607e-05,1.302273e+06,58.098,1.100000e+06,no,yes
typ,00,top,2.059677e+08,8.491888e+08,1.100000e+07,77,20u,2.006843e-05,2.292021e+06,50.259,1.100000e+06,no,yes
typ,00,top,2.059677e+08,8.491888e+08,1.100000e+07,77,40u,4.008966e-05,3.732079e+06,39.200,1.100000e+06,no,no
typ,00,top,2.059677e+08,8.491888e+08,1.100000e+07,77,80u,8.007441e-05,5.699255e+06,28.989,1.100000e+06,no,no
typ,00,top,2.059677e+08,8.491888e+08,1.300000e+07,65,2.5u,2.517839e-06,4.623529e+05,52.527,1.300000e+06,yes,yes
typ,00,top,2.059677e+08,8.491888e+08,1.300000e+07,65,5u,5.029259e-06,8.254673e+05,58.878,1.300000e+06,yes,yes
typ,00,top,2.059677e+08,8.491888e+08,1.300000e+07,65,10u,1.004607e-05,1.504749e+06,56.775,1.300000e+06,no,yes
typ,00,top,2.059677e+08,8.491888e+08,1.300000e+07,65,20u,2.006843e-05,2.601538e+06,47.644,1.300000e+06,no,yes
typ,00,top,2.059677e+08,8.491888e+08,1.300000e+07,65,40u,4.008966e-05,4.159846e+06,36.533,1.300000e+06,no,no
typ,00,top,2.059677e+08,8.491888e+08,1.300000e+07,65,80u,8.007441e-05,6.280261e+06,26.808,1.300000e+06,no,no
typ,11,low,1.168361e+08,5.290136e+08,4.500000e+06,118,2.5u,2.517839e-06,2.060874e+05,34.336,4.500000e+05,yes,no
typ,11,low,1.168361e+08,5.290136e+08,4.500000e+06,118,5u,5.029259e-06,3.248366e+05,45.330,4.500000e+05,yes,yes
typ,11,low,1.168361e+08,5.290136e+08,4.500000e+06,118,10u,1.004607e-05,5.524527e+05,55.297,4.500000e+05,no,yes
typ,11,low,1.168361e+08,5.290136e+08,4.500000e+06,118,20u,2.006843e-05,1.001282e+06,59.185,4.500000e+05,no,yes
typ,11,low,1.168361e+08,5.290136e+08,4.500000e+06,118,40u,4.008966e-05,1.806780e+06,54.401,4.500000e+05,no,yes
typ,11,low,1.168361e+08,5.290136e+08,4.500000e+06,118,80u,8.007441e-05,3.045503e+06,44.092,4.500000e+05,no,no
typ,11,low,1.168361e+08,5.290136e+08,5.500000e+06,96,2.5u,2.517839e-06,2.344668e+05,37.501,5.500000e+05,yes,no
typ,11,low,1.168361e+08,5.290136e+08,5.500000e+06,96,5u,5.029259e-06,3.773331e+05,48.617,5.500000e+05,yes,yes
typ,11,low,1.168361e+08,5.290136e+08,5.500000e+06,96,10u,1.004607e-05,6.567576e+05,57.314,5.500000e+05,no,yes
typ,11,low,1.168361e+08,5.290136e+08,5.500000e+06,96,20u,2.006843e-05,1.198979e+06,58.625,5.500000e+05,no,yes
typ,11,low,1.168361e+08,5.290136e+08,5.500000e+06,96,40u,4.008966e-05,2.129351e+06,51.656,5.500000e+05,no,yes
typ,11,low,1.168361e+08,5.290136e+08,5.500000e+06,96,80u,8.007441e-05,3.504411e+06,40.738,5.500000e+05,no,no
typ,11,low,1.168361e+08,5.290136e+08,6.500000e+06,81,2.5u,2.517839e-06,2.617831e+05,40.205,6.500000e+05,yes,no
typ,11,low,1.168361e+08,5.290136e+08,6.500000e+06,81,5u,5.029259e-06,4.292310e+05,51.181,6.500000e+05,yes,yes
typ,11,low,1.168361e+08,5.290136e+08,6.500000e+06,81,10u,1.004607e-05,7.599673e+05,58.461,6.500000e+05,no,yes
typ,11,low,1.168361e+08,5.290136e+08,6.500000e+06,81,20u,2.006843e-05,1.388079e+06,57.576,6.500000e+05,no,yes
typ,11,low,1.168361e+08,5.290136e+08,6.500000e+06,81,40u,4.008966e-05,2.424582e+06,49.128,6.500000e+05,no,yes
typ,11,low,1.168361e+08,5.290136e+08,6.500000e+06,81,80u,8.007441e-05,3.915608e+06,38.021,6.500000e+05,no,no
typ,11,low,1.168361e+08,5.290136e+08,7.500000e+06,71,2.5u,2.517839e-06,2.859317e+05,42.340,7.500000e+05,yes,no
typ,11,low,1.168361e+08,5.290136e+08,7.500000e+06,71,5u,5.029259e-06,4.759742e+05,53.023,7.500000e+05,yes,yes
typ,11,low,1.168361e+08,5.290136e+08,7.500000e+06,71,10u,1.004607e-05,8.523134e+05,58.994,7.500000e+05,no,yes
typ,11,low,1.168361e+08,5.290136e+08,7.500000e+06,71,20u,2.006843e-05,1.551974e+06,56.428,7.500000e+05,no,yes
typ,11,low,1.168361e+08,5.290136e+08,7.500000e+06,71,40u,4.008966e-05,2.672211e+06,47.060,7.500000e+05,no,yes
typ,11,low,1.168361e+08,5.290136e+08,7.500000e+06,71,80u,8.007441e-05,4.256525e+06,35.968,7.500000e+05,no,no
typ,11,mid,4.966209e+08,7.130507e+08,6.500000e+06,110,2.5u,2.517839e-06,6.174680e+05,56.675,6.500000e+05,yes,yes
typ,11,mid,4.966209e+08,7.130507e+08,6.500000e+06,110,5u,5.029259e-06,1.125194e+06,58.915,6.500000e+05,no,yes
typ,11,mid,4.966209e+08,7.130507e+08,6.500000e+06,110,10u,1.004607e-05,2.010721e+06,52.675,6.500000e+05,no,yes
typ,11,mid,4.966209e+08,7.130507e+08,6.500000e+06,110,20u,2.006843e-05,3.337351e+06,41.920,6.500000e+05,no,no
typ,11,mid,4.966209e+08,7.130507e+08,6.500000e+06,110,40u,4.008966e-05,5.163689e+06,31.291,6.500000e+05,no,no
typ,11,mid,4.966209e+08,7.130507e+08,6.500000e+06,110,80u,8.007441e-05,7.648420e+06,22.690,6.500000e+05,no,no
typ,11,mid,4.966209e+08,7.130507e+08,7.500000e+06,95,2.5u,2.517839e-06,6.994833e+05,57.873,7.500000e+05,yes,yes
typ,11,mid,4.966209e+08,7.130507e+08,7.500000e+06,95,5u,5.029259e-06,1.277940e+06,58.233,7.500000e+05,no,yes
typ,11,mid,4.966209e+08,7.130507e+08,7.500000e+06,95,10u,1.004607e-05,2.253915e+06,50.585,7.500000e+05,no,yes
typ,11,mid,4.966209e+08,7.130507e+08,7.500000e+06,95,20u,2.006843e-05,3.679016e+06,39.551,7.500000e+05,no,no
typ,11,mid,4.966209e+08,7.130507e+08,7.500000e+06,95,40u,4.008966e-05,5.627645e+06,29.280,7.500000e+05,no,no
typ,11,mid,4.966209e+08,7.130507e+08,7.500000e+06,95,80u,8.007441e-05,8.283537e+06,21.154,7.500000e+05,no,no
typ,11,mid,4.966209e+08,7.130507e+08,9.000000e+06,79,2.5u,2.517839e-06,8.205701e+05,58.854,9.000000e+05,yes,yes
typ,11,mid,4.966209e+08,7.130507e+08,9.000000e+06,79,5u,5.029259e-06,1.496062e+06,56.838,9.000000e+05,no,yes
typ,11,mid,4.966209e+08,7.130507e+08,9.000000e+06,79,10u,1.004607e-05,2.588355e+06,47.753,9.000000e+05,no,yes
typ,11,mid,4.966209e+08,7.130507e+08,9.000000e+06,79,20u,2.006843e-05,4.141723e+06,36.640,9.000000e+05,no,no
typ,11,mid,4.966209e+08,7.130507e+08,9.000000e+06,79,40u,4.008966e-05,6.256113e+06,26.893,9.000000e+05,no,no
typ,11,mid,4.966209e+08,7.130507e+08,9.000000e+06,79,80u,8.007441e-05,9.146725e+06,19.356,9.000000e+05,no,no
typ,11,mid,4.966209e+08,7.130507e+08,1.100000e+07,65,2.5u,2.517839e-06,9.732569e+05,59.199,1.100000e+06,yes,yes
typ,11,mid,4.966209e+08,7.130507e+08,1.100000e+07,65,5u,5.029259e-06,1.759547e+06,54.791,1.100000e+06,no,yes
typ,11,mid,4.966209e+08,7.130507e+08,1.100000e+07,65,10u,1.004607e-05,2.977276e+06,44.619,1.100000e+06,no,no
typ,11,mid,4.966209e+08,7.130507e+08,1.100000e+07,65,20u,2.006843e-05,4.673830e+06,33.683,1.100000e+06,no,no
typ,11,mid,4.966209e+08,7.130507e+08,1.100000e+07,65,40u,4.008966e-05,6.980293e+06,24.544,1.100000e+06,no,no
typ,11,mid,4.966209e+08,7.130507e+08,1.100000e+07,65,80u,8.007441e-05,1.014500e+07,17.609,1.100000e+06,no,no
typ,11,top,3.286114e+08,1.260528e+09,1.100000e+07,115,2.5u,2.517839e-06,4.265018e+05,51.061,1.100000e+06,yes,yes
typ,11,top,3.286114e+08,1.260528e+09,1.100000e+07,115,5u,5.029259e-06,7.545325e+05,58.417,1.100000e+06,yes,yes
typ,11,top,3.286114e+08,1.260528e+09,1.100000e+07,115,10u,1.004607e-05,1.378214e+06,57.639,1.100000e+06,no,yes
typ,11,top,3.286114e+08,1.260528e+09,1.100000e+07,115,20u,2.006843e-05,2.409433e+06,49.257,1.100000e+06,no,yes
typ,11,top,3.286114e+08,1.260528e+09,1.100000e+07,115,40u,4.008966e-05,3.895009e+06,38.151,1.100000e+06,no,no
typ,11,top,3.286114e+08,1.260528e+09,1.100000e+07,115,80u,8.007441e-05,5.920453e+06,28.123,1.100000e+06,no,no
typ,11,top,3.286114e+08,1.260528e+09,1.300000e+07,97,2.5u,2.517839e-06,4.875849e+05,53.422,1.300000e+06,yes,yes
typ,11,top,3.286114e+08,1.260528e+09,1.300000e+07,97,5u,5.029259e-06,8.750849e+05,59.070,1.300000e+06,yes,yes
typ,11,top,3.286114e+08,1.260528e+09,1.300000e+07,97,10u,1.004607e-05,1.591582e+06,56.128,1.300000e+06,no,yes
typ,11,top,3.286114e+08,1.260528e+09,1.300000e+07,97,20u,2.006843e-05,2.731101e+06,46.579,1.300000e+06,no,yes
typ,11,top,3.286114e+08,1.260528e+09,1.300000e+07,97,40u,4.008966e-05,4.337568e+06,35.505,1.300000e+06,no,no
typ,11,top,3.286114e+08,1.260528e+09,1.300000e+07,97,80u,8.007441e-05,6.521949e+06,25.985,1.300000e+06,no,no
typ,11,top,3.286114e+08,1.260528e+09,1.600000e+07,79,2.5u,2.517839e-06,5.765470e+05,55.859,1.600000e+06,yes,yes
typ,11,top,3.286114e+08,1.260528e+09,1.600000e+07,79,5u,5.029259e-06,1.047446e+06,59.122,1.600000e+06,yes,yes
typ,11,top,3.286114e+08,1.260528e+09,1.600000e+07,79,10u,1.004607e-05,1.883485e+06,53.758,1.600000e+06,no,yes
typ,11,top,3.286114e+08,1.260528e+09,1.600000e+07,79,20u,2.006843e-05,3.156086e+06,43.253,1.600000e+06,no,no
typ,11,top,3.286114e+08,1.260528e+09,1.600000e+07,79,40u,4.008966e-05,4.917283e+06,32.458,1.600000e+06,no,no
typ,11,top,3.286114e+08,1.260528e+09,1.600000e+07,79,80u,8.007441e-05,7.311844e+06,23.590,1.600000e+06,no,no
typ,11,top,3.286114e+08,1.260528e+09,1.900000e+07,66,2.5u,2.517839e-06,6.709087e+05,57.514,1.900000e+06,yes,yes
typ,11,top,3.286114e+08,1.260528e+09,1.900000e+07,66,5u,5.029259e-06,1.225188e+06,58.503,1.900000e+06,yes,yes
typ,11,top,3.286114e+08,1.260528e+09,1.900000e+07,66,10u,1.004607e-05,2.170869e+06,51.299,1.900000e+06,no,yes
typ,11,top,3.286114e+08,1.260528e+09,1.900000e+07,66,20u,2.006843e-05,3.562944e+06,40.335,1.900000e+06,no,no
typ,11,top,3.286114e+08,1.260528e+09,1.900000e+07,66,40u,4.008966e-05,5.470055e+06,29.937,1.900000e+06,no,no
typ,11,top,3.286114e+08,1.260528e+09,1.900000e+07,66,80u,8.007441e-05,8.067619e+06,21.654,1.900000e+06,no,no
slow,00,low,6.354232e+07,4.643229e+08,4.500000e+06,103,2.5u,2.517044e-06,1.586935e+05,30.835,4.500000e+05,yes,no
slow,00,low,6.354232e+07,4.643229e+08,4.500000e+06,103,5u,5.028064e-06,2.448855e+05,41.391,4.500000e+05,yes,no
slow,00,low,6.354232e+07,4.643229e+08,4.500000e+06,103,10u,1.004412e-05,4.049285e+05,52.226,4.500000e+05,yes,yes
slow,00,low,6.354232e+07,4.643229e+08,4.500000e+06,103,20u,2.006440e-05,7.216827e+05,58.798,4.500000e+05,no,yes
slow,00,low,6.354232e+07,4.643229e+08,4.500000e+06,103,40u,4.007872e-05,1.316301e+06,56.970,4.500000e+05,no,yes
slow,00,low,6.354232e+07,4.643229e+08,4.500000e+06,103,80u,8.003451e-05,2.280541e+06,47.990,4.500000e+05,no,yes
slow,00,low,6.354232e+07,4.643229e+08,5.500000e+06,84,2.5u,2.517044e-06,1.793348e+05,33.764,5.500000e+05,yes,no
slow,00,low,6.354232e+07,4.643229e+08,5.500000e+06,84,5u,5.028064e-06,2.816654e+05,44.708,5.500000e+05,yes,no
slow,00,low,6.354232e+07,4.643229e+08,5.500000e+06,84,10u,1.004412e-05,4.769228e+05,54.856,5.500000e+05,yes,yes
slow,00,low,6.354232e+07,4.643229e+08,5.500000e+06,84,20u,2.006440e-05,8.625695e+05,59.199,5.500000e+05,no,yes
slow,00,low,6.354232e+07,4.643229e+08,5.500000e+06,84,40u,4.007872e-05,1.560000e+06,54.860,5.500000e+05,no,yes
slow,00,low,6.354232e+07,4.643229e+08,5.500000e+06,84,80u,8.003451e-05,2.640889e+06,44.719,5.500000e+05,no,no
slow,00,low,6.354232e+07,4.643229e+08,6.500000e+06,71,2.5u,2.517044e-06,1.989953e+05,36.308,6.500000e+05,yes,no
slow,00,low,6.354232e+07,4.643229e+08,6.500000e+06,71,5u,5.028064e-06,3.177166e+05,47.413,6.500000e+05,yes,yes
slow,00,low,6.354232e+07,4.643229e+08,6.500000e+06,71,10u,1.004412e-05,5.484033e+05,56.640,6.500000e+05,yes,yes
slow,00,low,6.354232e+07,4.643229e+08,6.500000e+06,71,20u,2.006440e-05,9.993039e+05,58.927,6.500000e+05,no,yes
slow,00,low,6.354232e+07,4.643229e+08,6.500000e+06,71,40u,4.007872e-05,1.786252e+06,52.723,6.500000e+05,no,yes
slow,00,low,6.354232e+07,4.643229e+08,6.500000e+06,71,80u,8.003451e-05,2.965293e+06,41.983,6.500000e+05,no,no
slow,00,mid,1.683806e+08,5.338997e+08,4.500000e+06,119,2.5u,2.517044e-06,2.690506e+05,43.639,4.500000e+05,yes,no
slow,00,mid,1.683806e+08,5.338997e+08,4.500000e+06,119,5u,5.028064e-06,4.520837e+05,54.058,4.500000e+05,no,yes
slow,00,mid,1.683806e+08,5.338997e+08,4.500000e+06,119,10u,1.004412e-05,8.142847e+05,59.157,4.500000e+05,no,yes
slow,00,mid,1.683806e+08,5.338997e+08,4.500000e+06,119,20u,2.006440e-05,1.477861e+06,55.603,4.500000e+05,no,yes
slow,00,mid,1.683806e+08,5.338997e+08,4.500000e+06,119,40u,4.007872e-05,2.521430e+06,45.779,4.500000e+05,no,yes
slow,00,mid,1.683806e+08,5.338997e+08,4.500000e+06,119,80u,8.003451e-05,3.984226e+06,34.757,4.500000e+05,no,no
slow,00,mid,1.683806e+08,5.338997e+08,5.500000e+06,97,2.5u,2.517044e-06,3.109752e+05,46.944,5.500000e+05,yes,yes
slow,00,mid,1.683806e+08,5.338997e+08,5.500000e+06,97,5u,5.028064e-06,5.349978e+05,56.356,5.500000e+05,yes,yes
slow,00,mid,1.683806e+08,5.338997e+08,5.500000e+06,97,10u,1.004412e-05,9.739141e+05,59.013,5.500000e+05,no,yes
slow,00,mid,1.683806e+08,5.338997e+08,5.500000e+06,97,20u,2.006440e-05,1.745010e+06,53.119,5.500000e+05,no,yes
slow,00,mid,1.683806e+08,5.338997e+08,5.500000e+06,97,40u,4.007872e-05,2.907294e+06,42.457,5.500000e+05,no,no
slow,00,mid,1.683806e+08,5.338997e+08,5.500000e+06,97,80u,8.003451e-05,4.509737e+06,31.763,5.500000e+05,no,no
slow,00,mid,1.683806e+08,5.338997e+08,6.500000e+06,82,2.5u,2.517044e-06,3.521351e+05,49.572,6.500000e+05,yes,yes
slow,00,mid,1.683806e+08,5.338997e+08,6.500000e+06,82,5u,5.028064e-06,6.169213e+05,57.790,6.500000e+05,yes,yes
slow,00,mid,1.683806e+08,5.338997e+08,6.500000e+06,82,10u,1.004412e-05,1.127101e+06,58.301,6.500000e+05,no,yes
slow,00,mid,1.683806e+08,5.338997e+08,6.500000e+06,82,20u,2.006440e-05,1.990189e+06,50.756,6.500000e+05,no,yes
slow,00,mid,1.683806e+08,5.338997e+08,6.500000e+06,82,40u,4.007872e-05,3.252597e+06,39.738,6.500000e+05,no,no
slow,00,mid,1.683806e+08,5.338997e+08,6.500000e+06,82,80u,8.003451e-05,4.978616e+06,29.440,6.500000e+05,no,no
slow,00,mid,1.683806e+08,5.338997e+08,7.500000e+06,71,2.5u,2.517044e-06,3.932676e+05,51.701,7.500000e+05,yes,yes
slow,00,mid,1.683806e+08,5.338997e+08,7.500000e+06,71,5u,5.028064e-06,6.986174e+05,58.639,7.500000e+05,yes,yes
slow,00,mid,1.683806e+08,5.338997e+08,7.500000e+06,71,10u,1.004412e-05,1.275312e+06,57.288,7.500000e+05,no,yes
slow,00,mid,1.683806e+08,5.338997e+08,7.500000e+06,71,20u,2.006440e-05,2.219049e+06,48.568,7.500000e+05,no,yes
slow,00,mid,1.683806e+08,5.338997e+08,7.500000e+06,71,40u,4.007872e-05,3.570006e+06,37.451,7.500000e+05,no,no
slow,00,mid,1.683806e+08,5.338997e+08,7.500000e+06,71,80u,8.003451e-05,5.409575e+06,27.554,7.500000e+05,no,no
slow,00,top,1.622489e+08,7.426242e+08,6.500000e+06,114,2.5u,2.517044e-06,2.701397e+05,43.734,6.500000e+05,yes,no
slow,00,top,1.622489e+08,7.426242e+08,6.500000e+06,114,5u,5.028064e-06,4.542223e+05,54.131,6.500000e+05,yes,yes
slow,00,top,1.622489e+08,7.426242e+08,6.500000e+06,114,10u,1.004412e-05,8.184533e+05,59.164,6.500000e+05,no,yes
slow,00,top,1.622489e+08,7.426242e+08,6.500000e+06,114,20u,2.006440e-05,1.485008e+06,55.540,6.500000e+05,no,yes
slow,00,top,1.622489e+08,7.426242e+08,6.500000e+06,114,40u,4.007872e-05,2.531929e+06,45.684,6.500000e+05,no,yes
slow,00,top,1.622489e+08,7.426242e+08,6.500000e+06,114,80u,8.003451e-05,3.998555e+06,34.669,6.500000e+05,no,no
slow,00,top,1.622489e+08,7.426242e+08,7.500000e+06,99,2.5u,2.517044e-06,2.983514e+05,46.022,7.500000e+05,yes,yes
slow,00,top,1.622489e+08,7.426242e+08,7.500000e+06,99,5u,5.028064e-06,5.099370e+05,55.766,7.500000e+05,yes,yes
slow,00,top,1.622489e+08,7.426242e+08,7.500000e+06,99,10u,1.004412e-05,9.261365e+05,59.135,7.500000e+05,no,yes
slow,00,top,1.622489e+08,7.426242e+08,7.500000e+06,99,20u,2.006440e-05,1.666416e+06,53.867,7.500000e+05,no,yes
slow,00,top,1.622489e+08,7.426242e+08,7.500000e+06,99,40u,4.007872e-05,2.795014e+06,43.393,7.500000e+05,no,no
slow,00,top,1.622489e+08,7.426242e+08,7.500000e+06,99,80u,8.003451e-05,4.357085e+06,32.587,7.500000e+05,no,no
slow,00,top,1.622489e+08,7.426242e+08,9.000000e+06,83,2.5u,2.517044e-06,3.393696e+05,48.815,9.000000e+05,yes,yes
slow,00,top,1.622489e+08,7.426242e+08,9.000000e+06,83,5u,5.028064e-06,5.915077e+05,57.417,9.000000e+05,yes,yes
slow,00,top,1.622489e+08,7.426242e+08,9.000000e+06,83,10u,1.004412e-05,1.080073e+06,58.564,9.000000e+05,no,yes
slow,00,top,1.622489e+08,7.426242e+08,9.000000e+06,83,20u,2.006440e-05,1.915944e+06,51.473,9.000000e+05,no,yes
slow,00,top,1.622489e+08,7.426242e+08,9.000000e+06,83,40u,4.007872e-05,3.148719e+06,40.530,9.000000e+05,no,no
slow,00,top,1.622489e+08,7.426242e+08,9.000000e+06,83,80u,8.003451e-05,4.837619e+06,30.107,9.000000e+05,no,no
slow,00,top,1.622489e+08,7.426242e+08,1.100000e+07,68,2.5u,2.517044e-06,3.951372e+05,51.787,1.100000e+06,yes,yes
slow,00,top,1.622489e+08,7.426242e+08,1.100000e+07,68,5u,5.028064e-06,7.023165e+05,58.667,1.100000e+06,yes,yes
slow,00,top,1.622489e+08,7.426242e+08,1.100000e+07,68,10u,1.004412e-05,1.281916e+06,57.238,1.100000e+06,no,yes
slow,00,top,1.622489e+08,7.426242e+08,1.100000e+07,68,20u,2.006440e-05,2.229084e+06,48.473,1.100000e+06,no,yes
slow,00,top,1.622489e+08,7.426242e+08,1.100000e+07,68,40u,4.007872e-05,3.583857e+06,37.356,1.100000e+06,no,no
slow,00,top,1.622489e+08,7.426242e+08,1.100000e+07,68,80u,8.003451e-05,5.428389e+06,27.476,1.100000e+06,no,no
slow,11,low,1.105490e+08,4.784249e+08,4.500000e+06,106,2.5u,2.517044e-06,2.193856e+05,38.707,4.500000e+05,yes,no
slow,11,low,1.105490e+08,4.784249e+08,4.500000e+06,106,5u,5.028064e-06,3.560048e+05,49.792,4.500000e+05,yes,yes
slow,11,low,1.105490e+08,4.784249e+08,4.500000e+06,106,10u,1.004412e-05,6.246248e+05,57.892,4.500000e+05,no,yes
slow,11,low,1.105490e+08,4.784249e+08,4.500000e+06,106,20u,2.006440e-05,1.141274e+06,58.215,4.500000e+05,no,yes
slow,11,low,1.105490e+08,4.784249e+08,4.500000e+06,106,40u,4.007872e-05,2.012306e+06,50.543,4.500000e+05,no,yes
slow,11,low,1.105490e+08,4.784249e+08,4.500000e+06,106,80u,8.003451e-05,3.282836e+06,39.511,4.500000e+05,no,no
slow,11,low,1.105490e+08,4.784249e+08,5.500000e+06,87,2.5u,2.517044e-06,2.499848e+05,41.888,5.500000e+05,yes,no
slow,11,low,1.105490e+08,4.784249e+08,5.500000e+06,87,5u,5.028064e-06,4.148226e+05,52.649,5.500000e+05,yes,yes
slow,11,low,1.105490e+08,4.784249e+08,5.500000e+06,87,10u,1.004412e-05,7.411995e+05,58.909,5.500000e+05,no,yes
slow,11,low,1.105490e+08,4.784249e+08,5.500000e+06,87,20u,2.006440e-05,1.350841e+06,56.691,5.500000e+05,no,yes
slow,11,low,1.105490e+08,4.784249e+08,5.500000e+06,87,40u,4.007872e-05,2.332968e+06,47.501,5.500000e+05,no,yes
slow,11,low,1.105490e+08,4.784249e+08,5.500000e+06,87,80u,8.003451e-05,3.726123e+06,36.399,5.500000e+05,no,no
slow,11,low,1.105490e+08,4.784249e+08,6.500000e+06,74,2.5u,2.517044e-06,2.794141e+05,44.522,6.500000e+05,yes,no
slow,11,low,1.105490e+08,4.784249e+08,6.500000e+06,74,5u,5.028064e-06,4.724779e+05,54.721,6.500000e+05,yes,yes
slow,11,low,1.105490e+08,4.784249e+08,6.500000e+06,74,10u,1.004412e-05,8.539533e+05,59.197,6.500000e+05,no,yes
slow,11,low,1.105490e+08,4.784249e+08,6.500000e+06,74,20u,2.006440e-05,1.545503e+06,54.993,6.500000e+05,no,yes
slow,11,low,1.105490e+08,4.784249e+08,6.500000e+06,74,40u,4.007872e-05,2.620337e+06,44.900,6.500000e+05,no,no
slow,11,low,1.105490e+08,4.784249e+08,6.500000e+06,74,80u,8.003451e-05,4.119220e+06,33.944,6.500000e+05,no,no
slow,11,low,1.105490e+08,4.784249e+08,7.500000e+06,64,2.5u,2.517044e-06,3.098629e+05,46.865,7.500000e+05,yes,yes
slow,11,low,1.105490e+08,4.784249e+08,7.500000e+06,64,5u,5.028064e-06,5.327880e+05,56.308,7.500000e+05,yes,yes
slow,11,low,1.105490e+08,4.784249e+08,7.500000e+06,64,10u,1.004412e-05,9.697183e+05,59.026,7.500000e+05,no,yes
slow,11,low,1.105490e+08,4.784249e+08,7.500000e+06,64,20u,2.006440e-05,1.738158e+06,53.185,7.500000e+05,no,yes
slow,11,low,1.105490e+08,4.784249e+08,7.500000e+06,64,40u,4.007872e-05,2.897530e+06,42.537,7.500000e+05,no,no
slow,11,low,1.105490e+08,4.784249e+08,7.500000e+06,64,80u,8.003451e-05,4.496462e+06,31.833,7.500000e+05,no,no
slow,11,mid,3.827322e+08,6.264092e+08,5.500000e+06,114,2.5u,2.517044e-06,5.207322e+05,56.031,5.500000e+05,yes,yes
slow,11,mid,3.827322e+08,6.264092e+08,5.500000e+06,114,5u,5.028064e-06,9.467671e+05,59.090,5.500000e+05,no,yes
slow,11,mid,3.827322e+08,6.264092e+08,5.500000e+06,114,10u,1.004412e-05,1.700482e+06,53.544,5.500000e+05,no,yes
slow,11,mid,3.827322e+08,6.264092e+08,5.500000e+06,114,20u,2.006440e-05,2.843909e+06,42.982,5.500000e+05,no,no
slow,11,mid,3.827322e+08,6.264092e+08,5.500000e+06,114,40u,4.007872e-05,4.424334e+06,32.220,5.500000e+05,no,no
slow,11,mid,3.827322e+08,6.264092e+08,5.500000e+06,114,80u,8.003451e-05,6.572690e+06,23.408,5.500000e+05,no,no
slow,11,mid,3.827322e+08,6.264092e+08,6.500000e+06,96,2.5u,2.517044e-06,6.020715e+05,57.580,6.500000e+05,yes,yes
slow,11,mid,3.827322e+08,6.264092e+08,6.500000e+06,96,5u,5.028064e-06,1.099674e+06,58.458,6.500000e+05,no,yes
slow,11,mid,3.827322e+08,6.264092e+08,6.500000e+06,96,10u,1.004412e-05,1.946985e+06,51.173,6.500000e+05,no,yes
slow,11,mid,3.827322e+08,6.264092e+08,6.500000e+06,96,20u,2.006440e-05,3.192343e+06,40.195,6.500000e+05,no,no
slow,11,mid,3.827322e+08,6.264092e+08,6.500000e+06,96,40u,4.007872e-05,4.897653e+06,29.820,6.500000e+05,no,no
slow,11,mid,3.827322e+08,6.264092e+08,6.500000e+06,96,80u,8.003451e-05,7.219913e+06,21.566,6.500000e+05,no,no
slow,11,mid,3.827322e+08,6.264092e+08,7.500000e+06,84,2.5u,2.517044e-06,6.753908e+05,58.446,7.500000e+05,yes,yes
slow,11,mid,3.827322e+08,6.264092e+08,7.500000e+06,84,5u,5.028064e-06,1.233623e+06,57.597,7.500000e+05,no,yes
slow,11,mid,3.827322e+08,6.264092e+08,7.500000e+06,84,10u,1.004412e-05,2.155390e+06,49.172,7.500000e+05,no,yes
slow,11,mid,3.827322e+08,6.264092e+08,7.500000e+06,84,20u,2.006440e-05,3.482221e+06,38.064,7.500000e+05,no,no
slow,11,mid,3.827322e+08,6.264092e+08,7.500000e+06,84,40u,4.007872e-05,5.291223e+06,28.050,7.500000e+05,no,no
slow,11,mid,3.827322e+08,6.264092e+08,7.500000e+06,84,80u,8.003451e-05,7.759732e+06,20.226,7.500000e+05,no,no
slow,11,mid,3.827322e+08,6.264092e+08,9.000000e+06,70,2.5u,2.517044e-06,7.916744e+05,59.106,9.000000e+05,yes,yes
slow,11,mid,3.827322e+08,6.264092e+08,9.000000e+06,70,5u,5.028064e-06,1.438889e+06,55.946,9.000000e+05,no,yes
slow,11,mid,3.827322e+08,6.264092e+08,9.000000e+06,70,10u,1.004412e-05,2.464109e+06,46.296,9.000000e+05,no,yes
slow,11,mid,3.827322e+08,6.264092e+08,9.000000e+06,70,20u,2.006440e-05,3.906691e+06,35.237,9.000000e+05,no,no
slow,11,mid,3.827322e+08,6.264092e+08,9.000000e+06,70,40u,4.007872e-05,5.868197e+06,25.771,9.000000e+05,no,no
slow,11,mid,3.827322e+08,6.264092e+08,9.000000e+06,70,80u,8.003451e-05,8.553509e+06,18.521,9.000000e+05,no,no
slow,11,top,2.394389e+08,1.041953e+09,9.000000e+06,116,2.5u,2.517044e-06,3.535203e+05,49.651,9.000000e+05,yes,yes
slow,11,top,2.394389e+08,1.041953e+09,9.000000e+06,116,5u,5.028064e-06,6.196795e+05,57.827,9.000000e+05,yes,yes
slow,11,top,2.394389e+08,1.041953e+09,9.000000e+06,116,10u,1.004412e-05,1.132176e+06,58.271,9.000000e+05,no,yes
slow,11,top,2.394389e+08,1.041953e+09,9.000000e+06,116,20u,2.006440e-05,1.998154e+06,50.679,9.000000e+05,no,yes
slow,11,top,2.394389e+08,1.041953e+09,9.000000e+06,116,40u,4.007872e-05,3.263711e+06,39.655,9.000000e+05,no,no
slow,11,top,2.394389e+08,1.041953e+09,9.000000e+06,116,80u,8.003451e-05,4.993700e+06,29.371,9.000000e+05,no,no
slow,11,top,2.394389e+08,1.041953e+09,1.100000e+07,95,2.5u,2.517044e-06,4.125070e+05,52.552,1.100000e+06,yes,yes
slow,11,top,2.394389e+08,1.041953e+09,1.100000e+07,95,5u,5.028064e-06,7.366359e+05,58.885,1.100000e+06,yes,yes
slow,11,top,2.394389e+08,1.041953e+09,1.100000e+07,95,10u,1.004412e-05,1.342791e+06,56.756,1.100000e+06,no,yes
slow,11,top,2.394389e+08,1.041953e+09,1.100000e+07,95,20u,2.006440e-05,2.321003e+06,47.612,1.100000e+06,no,yes
slow,11,top,2.394389e+08,1.041953e+09,1.100000e+07,95,40u,4.007872e-05,3.710354e+06,36.503,1.100000e+06,no,no
slow,11,top,2.394389e+08,1.041953e+09,1.100000e+07,95,80u,8.003451e-05,5.600254e+06,26.787,1.100000e+06,no,no
slow,11,top,2.394389e+08,1.041953e+09,1.300000e+07,80,2.5u,2.517044e-06,4.736095e+05,54.756,1.300000e+06,yes,yes
slow,11,top,2.394389e+08,1.041953e+09,1.300000e+07,80,5u,5.028064e-06,8.561455e+05,59.198,1.300000e+06,yes,yes
slow,11,top,2.394389e+08,1.041953e+09,1.300000e+07,80,10u,1.004412e-05,1.549209e+06,54.959,1.300000e+06,no,yes
slow,11,top,2.394389e+08,1.041953e+09,1.300000e+07,80,20u,2.006440e-05,2.625844e+06,44.851,1.300000e+06,no,no
slow,11,top,2.394389e+08,1.041953e+09,1.300000e+07,80,40u,4.007872e-05,4.127437e+06,33.896,1.300000e+06,no,no
slow,11,top,2.394389e+08,1.041953e+09,1.300000e+07,80,80u,8.003451e-05,6.167798e+06,24.715,1.300000e+06,no,no
slow,11,top,2.394389e+08,1.041953e+09,1.600000e+07,65,2.5u,2.517044e-06,5.629282e+05,56.924,1.600000e+06,yes,yes
slow,11,top,2.394389e+08,1.041953e+09,1.600000e+07,65,5u,5.028064e-06,1.026658e+06,58.818,1.600000e+06,yes,yes
slow,11,top,2.394389e+08,1.041953e+09,1.600000e+07,65,10u,1.004412e-05,1.830533e+06,52.297,1.600000e+06,no,yes
slow,11,top,2.394389e+08,1.041953e+09,1.600000e+07,65,20u,2.006440e-05,3.028644e+06,41.473,1.600000e+06,no,no
slow,11,top,2.394389e+08,1.041953e+09,1.600000e+07,65,40u,4.007872e-05,4.675377e+06,30.907,1.600000e+06,no,no
slow,11,top,2.394389e+08,1.041953e+09,1.600000e+07,65,80u,8.003451e-05,6.915714e+06,22.397,1.600000e+06,no,no
fast,00,low,7.352722e+07,5.702764e+08,4.500000e+06,127,2.5u,2.519932e-06,1.482274e+05,24.200,4.500000e+05,yes,no
fast,00,low,7.352722e+07,5.702764e+08,4.500000e+06,127,5u,5.032486e-06,2.209917e+05,33.241,4.500000e+05,yes,no
fast,00,low,7.352722e+07,5.702764e+08,4.500000e+06,127,10u,1.005123e-05,3.459239e+05,44.127,4.500000e+05,yes,no
fast,00,low,7.352722e+07,5.702764e+08,4.500000e+06,127,20u,2.007734e-05,5.832670e+05,54.429,4.500000e+05,no,yes
fast,00,low,7.352722e+07,5.702764e+08,4.500000e+06,127,40u,4.010720e-05,1.052635e+06,59.187,4.500000e+05,no,yes
fast,00,low,7.352722e+07,5.702764e+08,4.500000e+06,127,80u,8.011615e-05,1.907537e+06,55.273,4.500000e+05,no,yes
fast,00,low,7.352722e+07,5.702764e+08,5.500000e+06,104,2.5u,2.519932e-06,1.657719e+05,26.580,5.500000e+05,yes,no
fast,00,low,7.352722e+07,5.702764e+08,5.500000e+06,104,5u,5.032486e-06,2.499644e+05,36.248,5.500000e+05,yes,no
fast,00,low,7.352722e+07,5.702764e+08,5.500000e+06,104,10u,1.005123e-05,3.988851e+05,47.349,5.500000e+05,yes,yes
fast,00,low,7.352722e+07,5.702764e+08,5.500000e+06,104,20u,2.007734e-05,6.881655e+05,56.601,5.500000e+05,no,yes
fast,00,low,7.352722e+07,5.702764e+08,5.500000e+06,104,40u,4.010720e-05,1.253824e+06,58.940,5.500000e+05,no,yes
fast,00,low,7.352722e+07,5.702764e+08,5.500000e+06,104,80u,8.011615e-05,2.242003e+06,52.780,5.500000e+05,no,yes
fast,00,low,7.352722e+07,5.702764e+08,6.500000e+06,88,2.5u,2.519932e-06,1.823829e+05,28.716,6.500000e+05,yes,no
fast,00,low,7.352722e+07,5.702764e+08,6.500000e+06,88,5u,5.032486e-06,2.780776e+05,38.869,6.500000e+05,yes,no
fast,00,low,7.352722e+07,5.702764e+08,6.500000e+06,88,10u,1.005123e-05,4.516920e+05,49.944,6.500000e+05,yes,yes
fast,00,low,7.352722e+07,5.702764e+08,6.500000e+06,88,20u,2.007734e-05,7.932798e+05,57.960,6.500000e+05,no,yes
fast,00,low,7.352722e+07,5.702764e+08,6.500000e+06,88,40u,4.010720e-05,1.449490e+06,58.155,6.500000e+05,no,yes
fast,00,low,7.352722e+07,5.702764e+08,6.500000e+06,88,80u,8.011615e-05,2.553323e+06,50.395,6.500000e+05,no,yes
fast,00,low,7.352722e+07,5.702764e+08,7.500000e+06,76,2.5u,2.519932e-06,1.986683e+05,30.698,7.500000e+05,yes,no
fast,00,low,7.352722e+07,5.702764e+08,7.500000e+06,76,5u,5.032486e-06,3.062744e+05,41.227,7.500000e+05,yes,no
fast,00,low,7.352722e+07,5.702764e+08,7.500000e+06,76,10u,1.005123e-05,5.057793e+05,52.083,7.500000e+05,yes,yes
fast,00,low,7.352722e+07,5.702764e+08,7.500000e+06,76,20u,2.007734e-05,9.005805e+05,58.757,7.500000e+05,no,yes
fast,00,low,7.352722e+07,5.702764e+08,7.500000e+06,76,40u,4.010720e-05,1.643100e+06,57.061,7.500000e+05,no,yes
fast,00,low,7.352722e+07,5.702764e+08,7.500000e+06,76,80u,8.011615e-05,2.850613e+06,48.148,7.500000e+05,no,yes
fast,00,mid,2.298839e+08,6.612998e+08,5.500000e+06,120,2.5u,2.519932e-06,3.045346e+05,41.089,5.500000e+05,yes,no
fast,00,mid,2.298839e+08,6.612998e+08,5.500000e+06,120,5u,5.032486e-06,5.023755e+05,51.962,5.500000e+05,yes,yes
fast,00,mid,2.298839e+08,6.612998e+08,5.500000e+06,120,10u,1.005123e-05,8.937612e+05,58.721,5.500000e+05,no,yes
fast,00,mid,2.298839e+08,6.612998e+08,5.500000e+06,120,20u,2.007734e-05,1.630877e+06,57.136,5.500000e+05,no,yes
fast,00,mid,2.298839e+08,6.612998e+08,5.500000e+06,120,40u,4.010720e-05,2.832196e+06,48.285,5.500000e+05,no,yes
fast,00,mid,2.298839e+08,6.612998e+08,5.500000e+06,120,80u,8.011615e-05,4.547783e+06,37.167,5.500000e+05,no,no
fast,00,mid,2.298839e+08,6.612998e+08,6.500000e+06,102,2.5u,2.519932e-06,3.401273e+05,43.731,6.500000e+05,yes,no
fast,00,mid,2.298839e+08,6.612998e+08,6.500000e+06,102,5u,5.032486e-06,5.717688e+05,54.126,6.500000e+05,yes,yes
fast,00,mid,2.298839e+08,6.612998e+08,6.500000e+06,102,10u,1.005123e-05,1.030076e+06,59.164,6.500000e+05,no,yes
fast,00,mid,2.298839e+08,6.612998e+08,6.500000e+06,102,20u,2.007734e-05,1.868939e+06,55.547,6.500000e+05,no,yes
fast,00,mid,2.298839e+08,6.612998e+08,6.500000e+06,102,40u,4.010720e-05,3.186928e+06,45.695,6.500000e+05,no,yes
fast,00,mid,2.298839e+08,6.612998e+08,6.500000e+06,102,80u,8.011615e-05,5.034220e+06,34.674,6.500000e+05,no,no
fast,00,mid,2.298839e+08,6.612998e+08,7.500000e+06,88,2.5u,2.519932e-06,3.774168e+05,46.125,7.500000e+05,yes,yes
fast,00,mid,2.298839e+08,6.612998e+08,7.500000e+06,88,5u,5.032486e-06,6.454009e+05,55.832,7.500000e+05,yes,yes
fast,00,mid,2.298839e+08,6.612998e+08,7.500000e+06,88,10u,1.005123e-05,1.172314e+06,59.126,7.500000e+05,no,yes
fast,00,mid,2.298839e+08,6.612998e+08,7.500000e+06,88,20u,2.007734e-05,2.108391e+06,53.793,7.500000e+05,no,yes
fast,00,mid,2.298839e+08,6.612998e+08,7.500000e+06,88,40u,4.010720e-05,3.534051e+06,43.297,7.500000e+05,no,no
fast,00,mid,2.298839e+08,6.612998e+08,7.500000e+06,88,80u,8.011615e-05,5.507306e+06,32.497,7.500000e+05,no,no
fast,00,mid,2.298839e+08,6.612998e+08,9.000000e+06,73,2.5u,2.519932e-06,4.328048e+05,49.079,9.000000e+05,yes,yes
fast,00,mid,2.298839e+08,6.612998e+08,9.000000e+06,73,5u,5.032486e-06,7.555460e+05,57.549,9.000000e+05,yes,yes
fast,00,mid,2.298839e+08,6.612998e+08,9.000000e+06,73,10u,1.005123e-05,1.379725e+06,58.481,9.000000e+05,no,yes
fast,00,mid,2.298839e+08,6.612998e+08,9.000000e+06,73,20u,2.007734e-05,2.443662e+06,51.235,9.000000e+05,no,yes
fast,00,mid,2.298839e+08,6.612998e+08,9.000000e+06,73,40u,4.010720e-05,4.008656e+06,40.264,9.000000e+05,no,no
fast,00,mid,2.298839e+08,6.612998e+08,9.000000e+06,73,80u,8.011615e-05,6.152101e+06,29.878,9.000000e+05,no,no
fast,00,top,2.384609e+08,9.537638e+08,7.500000e+06,127,2.5u,2.519932e-06,3.004896e+05,40.764,7.500000e+05,yes,no
fast,00,top,2.384609e+08,9.537638e+08,7.500000e+06,127,5u,5.032486e-06,4.945656e+05,51.677,7.500000e+05,yes,yes
fast,00,top,2.384609e+08,9.537638e+08,7.500000e+06,127,10u,1.005123e-05,8.783087e+05,58.631,7.500000e+05,no,yes
fast,00,top,2.384609e+08,9.537638e+08,7.500000e+06,127,20u,2.007734e-05,1.603317e+06,57.305,7.500000e+05,no,yes
fast,00,top,2.384609e+08,9.537638e+08,7.500000e+06,127,40u,4.010720e-05,2.790364e+06,48.598,7.500000e+05,no,yes
fast,00,top,2.384609e+08,9.537638e+08,7.500000e+06,127,80u,8.011615e-05,4.490107e+06,37.481,7.500000e+05,no,no
fast,00,top,2.384609e+08,9.537638e+08,9.000000e+06,106,2.5u,2.519932e-06,3.396949e+05,43.702,9.000000e+05,yes,no
fast,00,top,2.384609e+08,9.537638e+08,9.000000e+06,106,5u,5.032486e-06,5.709200e+05,54.103,9.000000e+05,yes,yes
fast,00,top,2.384609e+08,9.537638e+08,9.000000e+06,106,10u,1.005123e-05,1.028422e+06,59.161,9.000000e+05,no,yes
fast,00,top,2.384609e+08,9.537638e+08,9.000000e+06,106,20u,2.007734e-05,1.866104e+06,55.568,9.000000e+05,no,yes
fast,00,top,2.384609e+08,9.537638e+08,9.000000e+06,106,40u,4.010720e-05,3.182761e+06,45.724,9.000000e+05,no,yes
fast,00,top,2.384609e+08,9.537638e+08,9.000000e+06,106,80u,8.011615e-05,5.028533e+06,34.702,9.000000e+05,no,no
fast,00,top,2.384609e+08,9.537638e+08,1.100000e+07,87,2.5u,2.519932e-06,3.907217e+05,46.896,1.100000e+06,yes,yes
fast,00,top,2.384609e+08,9.537638e+08,1.100000e+07,87,5u,5.032486e-06,6.718134e+05,56.324,1.100000e+06,yes,yes
fast,00,top,2.384609e+08,9.537638e+08,1.100000e+07,87,10u,1.005123e-05,1.222647e+06,59.023,1.100000e+06,no,yes
fast,00,top,2.384609e+08,9.537638e+08,1.100000e+07,87,20u,2.007734e-05,2.191165e+06,53.167,1.100000e+06,no,yes
fast,00,top,2.384609e+08,9.537638e+08,1.100000e+07,87,40u,4.010720e-05,3.652282e+06,42.514,1.100000e+06,no,no
fast,00,top,2.384609e+08,9.537638e+08,1.100000e+07,87,80u,8.011615e-05,5.668064e+06,31.809,1.100000e+06,no,no
fast,00,top,2.384609e+08,9.537638e+08,1.300000e+07,73,2.5u,2.519932e-06,4.448944e+05,49.640,1.300000e+06,yes,yes
fast,00,top,2.384609e+08,9.537638e+08,1.300000e+07,73,5u,5.032486e-06,7.796073e+05,57.820,1.300000e+06,yes,yes
fast,00,top,2.384609e+08,9.537638e+08,1.300000e+07,73,10u,1.005123e-05,1.424153e+06,58.279,1.300000e+06,no,yes
fast,00,top,2.384609e+08,9.537638e+08,1.300000e+07,73,20u,2.007734e-05,2.513642e+06,50.699,1.300000e+06,no,yes
fast,00,top,2.384609e+08,9.537638e+08,1.300000e+07,73,40u,4.010720e-05,4.106463e+06,39.675,1.300000e+06,no,no
fast,00,top,2.384609e+08,9.537638e+08,1.300000e+07,73,80u,8.011615e-05,6.284877e+06,29.384,1.300000e+06,no,no
fast,11,low,1.360254e+08,5.890256e+08,5.500000e+06,107,2.5u,2.519932e-06,2.341761e+05,34.649,5.500000e+05,yes,no
fast,11,low,1.360254e+08,5.890256e+08,5.500000e+06,107,5u,5.032486e-06,3.697985e+05,45.665,5.500000e+05,yes,yes
fast,11,low,1.360254e+08,5.890256e+08,5.500000e+06,107,10u,1.005123e-05,6.303558e+05,55.526,5.500000e+05,no,yes
fast,11,low,1.360254e+08,5.890256e+08,5.500000e+06,107,20u,2.007734e-05,1.143591e+06,59.166,5.500000e+05,no,yes
fast,11,low,1.360254e+08,5.890256e+08,5.500000e+06,107,40u,4.010720e-05,2.060828e+06,54.149,5.500000e+05,no,yes
fast,11,low,1.360254e+08,5.890256e+08,5.500000e+06,107,80u,8.011615e-05,3.465648e+06,43.758,5.500000e+05,no,no
fast,11,low,1.360254e+08,5.890256e+08,6.500000e+06,91,2.5u,2.519932e-06,2.591265e+05,37.133,6.500000e+05,yes,no
fast,11,low,1.360254e+08,5.890256e+08,6.500000e+06,91,5u,5.032486e-06,4.159250e+05,48.248,6.500000e+05,yes,yes
fast,11,low,1.360254e+08,5.890256e+08,6.500000e+06,91,10u,1.005123e-05,7.220044e+05,57.114,6.500000e+05,no,yes
fast,11,low,1.360254e+08,5.890256e+08,6.500000e+06,91,20u,2.007734e-05,1.317397e+06,58.732,6.500000e+05,no,yes
fast,11,low,1.360254e+08,5.890256e+08,6.500000e+06,91,40u,4.010720e-05,2.344597e+06,51.995,6.500000e+05,no,yes
fast,11,low,1.360254e+08,5.890256e+08,6.500000e+06,91,80u,8.011615e-05,3.869406e+06,41.124,6.500000e+05,no,no
fast,11,low,1.360254e+08,5.890256e+08,7.500000e+06,79,2.5u,2.519932e-06,2.838179e+05,39.370,7.500000e+05,yes,no
fast,11,low,1.360254e+08,5.890256e+08,7.500000e+06,79,5u,5.032486e-06,4.625849e+05,50.413,7.500000e+05,yes,yes
fast,11,low,1.360254e+08,5.890256e+08,7.500000e+06,79,10u,1.005123e-05,8.148608e+05,58.162,7.500000e+05,no,yes
fast,11,low,1.360254e+08,5.890256e+08,7.500000e+06,79,20u,2.007734e-05,1.488831e+06,57.953,7.500000e+05,no,yes
fast,11,low,1.360254e+08,5.890256e+08,7.500000e+06,79,40u,4.010720e-05,2.614601e+06,49.928,7.500000e+05,no,yes
fast,11,low,1.360254e+08,5.890256e+08,7.500000e+06,79,80u,8.011615e-05,4.246883e+06,38.851,7.500000e+05,no,no
fast,11,low,1.360254e+08,5.890256e+08,9.000000e+06,65,2.5u,2.519932e-06,3.232375e+05,42.524,9.000000e+05,yes,no
fast,11,low,1.360254e+08,5.890256e+08,9.000000e+06,65,5u,5.032486e-06,5.387026e+05,53.172,9.000000e+05,yes,yes
fast,11,low,1.360254e+08,5.890256e+08,9.000000e+06,65,10u,1.005123e-05,9.653632e+05,59.024,9.000000e+05,no,yes
fast,11,low,1.360254e+08,5.890256e+08,9.000000e+06,65,20u,2.007734e-05,1.757044e+06,56.321,9.000000e+05,no,yes
fast,11,low,1.360254e+08,5.890256e+08,9.000000e+06,65,40u,4.010720e-05,3.021582e+06,46.886,9.000000e+05,no,yes
fast,11,low,1.360254e+08,5.890256e+08,9.000000e+06,65,80u,8.011615e-05,4.807969e+06,35.800,9.000000e+05,no,no
fast,11,mid,5.901992e+08,8.068929e+08,6.500000e+06,124,2.5u,2.519932e-06,5.983733e+05,54.804,6.500000e+05,yes,yes
fast,11,mid,5.901992e+08,8.068929e+08,6.500000e+06,124,5u,5.032486e-06,1.081687e+06,59.199,6.500000e+05,no,yes
fast,11,mid,5.901992e+08,8.068929e+08,6.500000e+06,124,10u,1.005123e-05,1.956631e+06,54.917,6.500000e+05,no,yes
fast,11,mid,5.901992e+08,8.068929e+08,6.500000e+06,124,20u,2.007734e-05,3.314877e+06,44.794,6.500000e+05,no,no
fast,11,mid,5.901992e+08,8.068929e+08,6.500000e+06,124,40u,4.010720e-05,5.208959e+06,33.843,6.500000e+05,no,no
fast,11,mid,5.901992e+08,8.068929e+08,6.500000e+06,124,80u,8.011615e-05,7.783781e+06,24.670,6.500000e+05,no,no
fast,11,mid,5.901992e+08,8.068929e+08,7.500000e+06,108,2.5u,2.519932e-06,6.708850e+05,56.308,7.500000e+05,yes,yes
fast,11,mid,5.901992e+08,8.068929e+08,7.500000e+06,108,5u,5.032486e-06,1.220780e+06,59.028,7.500000e+05,no,yes
fast,11,mid,5.901992e+08,8.068929e+08,7.500000e+06,108,10u,1.005123e-05,2.187912e+06,53.192,7.500000e+05,no,yes
fast,11,mid,5.901992e+08,8.068929e+08,7.500000e+06,108,20u,2.007734e-05,3.647478e+06,42.545,7.500000e+05,no,no
fast,11,mid,5.901992e+08,8.068929e+08,7.500000e+06,108,40u,4.010720e-05,5.661674e+06,31.836,7.500000e+05,no,no
fast,11,mid,5.901992e+08,8.068929e+08,7.500000e+06,108,80u,8.011615e-05,8.401458e+06,23.108,7.500000e+05,no,no
fast,11,mid,5.901992e+08,8.068929e+08,9.000000e+06,90,2.5u,2.519932e-06,7.831075e+05,57.857,9.000000e+05,yes,yes
fast,11,mid,5.901992e+08,8.068929e+08,9.000000e+06,90,5u,5.032486e-06,1.430470e+06,58.249,9.000000e+05,no,yes
fast,11,mid,5.901992e+08,8.068929e+08,9.000000e+06,90,10u,1.005123e-05,2.523308e+06,50.625,9.000000e+05,no,yes
fast,11,mid,5.901992e+08,8.068929e+08,9.000000e+06,90,20u,2.007734e-05,4.119793e+06,39.596,9.000000e+05,no,no
fast,11,mid,5.901992e+08,8.068929e+08,9.000000e+06,90,40u,4.010720e-05,6.303121e+06,29.317,9.000000e+05,no,no
fast,11,mid,5.901992e+08,8.068929e+08,9.000000e+06,90,80u,8.011615e-05,9.279236e+06,21.181,9.000000e+05,no,no
fast,11,mid,5.901992e+08,8.068929e+08,1.100000e+07,73,2.5u,2.519932e-06,9.388261e+05,58.931,1.100000e+06,yes,yes
fast,11,mid,5.901992e+08,8.068929e+08,1.100000e+07,73,5u,5.032486e-06,1.710267e+06,56.631,1.100000e+06,no,yes
fast,11,mid,5.901992e+08,8.068929e+08,1.100000e+07,73,10u,1.005123e-05,2.951371e+06,47.401,1.100000e+06,no,yes
fast,11,mid,5.901992e+08,8.068929e+08,1.100000e+07,73,20u,2.007734e-05,4.711580e+06,36.297,1.100000e+06,no,no
fast,11,mid,5.901992e+08,8.068929e+08,1.100000e+07,73,40u,4.010720e-05,7.106989e+06,26.617,1.100000e+06,no,no
fast,11,mid,5.901992e+08,8.068929e+08,1.100000e+07,73,80u,8.011615e-05,1.038359e+07,19.149,1.100000e+06,no,no
fast,11,top,3.798637e+08,1.448013e+09,1.300000e+07,111,2.5u,2.519932e-06,4.608959e+05,50.342,1.300000e+06,yes,yes
fast,11,top,3.798637e+08,1.448013e+09,1.300000e+07,111,5u,5.032486e-06,8.114313e+05,58.131,1.300000e+06,yes,yes
fast,11,top,3.798637e+08,1.448013e+09,1.300000e+07,111,10u,1.005123e-05,1.482436e+06,57.987,1.300000e+06,no,yes
fast,11,top,3.798637e+08,1.448013e+09,1.300000e+07,111,20u,2.007734e-05,2.604555e+06,50.004,1.300000e+06,no,yes
fast,11,top,3.798637e+08,1.448013e+09,1.300000e+07,111,40u,4.010720e-05,4.233038e+06,38.931,1.300000e+06,no,no
fast,11,top,3.798637e+08,1.448013e+09,1.300000e+07,111,80u,8.011615e-05,6.456744e+06,28.764,1.300000e+06,no,no
fast,11,top,3.798637e+08,1.448013e+09,1.600000e+07,91,2.5u,2.519932e-06,5.381942e+05,53.156,1.600000e+06,yes,yes
fast,11,top,3.798637e+08,1.448013e+09,1.600000e+07,91,5u,5.032486e-06,9.642824e+05,59.021,1.600000e+06,yes,yes
fast,11,top,3.798637e+08,1.448013e+09,1.600000e+07,91,10u,1.005123e-05,1.754986e+06,56.335,1.600000e+06,no,yes
fast,11,top,3.798637e+08,1.448013e+09,1.600000e+07,91,20u,2.007734e-05,3.018375e+06,46.910,1.600000e+06,no,yes
fast,11,top,3.798637e+08,1.448013e+09,1.600000e+07,91,40u,4.010720e-05,4.803702e+06,35.822,1.600000e+06,no,no
fast,11,top,3.798637e+08,1.448013e+09,1.600000e+07,91,80u,8.011615e-05,7.232092e+06,26.237,1.600000e+06,no,no
fast,11,top,3.798637e+08,1.448013e+09,1.900000e+07,76,2.5u,2.519932e-06,6.229024e+05,55.366,1.900000e+06,yes,yes
fast,11,top,3.798637e+08,1.448013e+09,1.900000e+07,76,5u,5.032486e-06,1.129047e+06,59.180,1.900000e+06,yes,yes
fast,11,top,3.798637e+08,1.448013e+09,1.900000e+07,76,10u,1.005123e-05,2.036255e+06,54.332,1.900000e+06,no,yes
fast,11,top,3.798637e+08,1.448013e+09,1.900000e+07,76,20u,2.007734e-05,3.430182e+06,43.999,1.900000e+06,no,no
fast,11,top,3.798637e+08,1.448013e+09,1.900000e+07,76,40u,4.010720e-05,5.366078e+06,33.123,1.900000e+06,no,no
fast,11,top,3.798637e+08,1.448013e+09,1.900000e+07,76,80u,8.011615e-05,7.997951e+06,24.107,1.900000e+06,no,no
fast,11,top,3.798637e+08,1.448013e+09,2.200000e+07,66,2.5u,2.519932e-06,7.007655e+05,56.802,2.200000e+06,yes,yes
fast,11,top,3.798637e+08,1.448013e+09,2.200000e+07,66,5u,5.032486e-06,1.277285e+06,58.869,2.200000e+06,yes,yes
fast,11,top,3.798637e+08,1.448013e+09,2.200000e+07,66,10u,1.005123e-05,2.279739e+06,52.492,2.200000e+06,no,yes
fast,11,top,3.798637e+08,1.448013e+09,2.200000e+07,66,20u,2.007734e-05,3.777810e+06,41.703,2.200000e+06,no,no
fast,11,top,3.798637e+08,1.448013e+09,2.200000e+07,66,40u,4.010720e-05,5.838773e+06,31.104,2.200000e+06,no,no
fast,11,top,3.798637e+08,1.448013e+09,2.200000e+07,66,80u,8.011615e-05,8.643488e+06,22.545,2.200000e+06,no,no
